,Município,Regional,Tipo,Área de atuação,variable,value
0,Diadema,ABC,RRT Inicial,Meio Ambiente,2020,10
1,Diadema,ABC,RRT Inicial,Conforto Ambiental,2020,14
2,Diadema,ABC,RRT Inicial,Urbanismo e Desenho Urbano,2020,41
3,Diadema,ABC,RRT Inicial,Arquitetura das Edificações,2020,393
4,Diadema,ABC,RRT Inicial,Planejamento Urbano e Regional,2020,1
5,Diadema,ABC,RRT Inicial,Instalações e Equipamentos Referentes ao Urbanismo,2020,15
6,Diadema,ABC,RRT Inicial,"Patrimônio Arquitetônico, Urbanístico e Paisagístico",2020,0
7,Mauá,ABC,RRT Inicial,Meio Ambiente,2020,3
8,Mauá,ABC,RRT Inicial,Conforto Ambiental,2020,13
9,Mauá,ABC,RRT Inicial,Urbanismo e Desenho Urbano,2020,16
10,Mauá,ABC,RRT Inicial,Arquitetura das Edificações,2020,479
11,Mauá,ABC,RRT Inicial,Planejamento Urbano e Regional,2020,2
12,Mauá,ABC,RRT Inicial,Instalações e Equipamentos Referentes ao Urbanismo,2020,52
13,Mauá,ABC,RRT Inicial,"Patrimônio Arquitetônico, Urbanístico e Paisagístico",2020,0
14,Ribeirão Pires,ABC,RRT Inicial,Conforto Ambiental,2020,1
15,Ribeirão Pires,ABC,RRT Inicial,"Patrimônio Arquitetônico, Urbanístico e Paisagístico",2020,0
16,Ribeirão Pires,ABC,RRT Inicial,Urbanismo e Desenho Urbano,2020,78
17,Ribeirão Pires,ABC,RRT Inicial,Arquitetura das Edificações,2020,339
18,Ribeirão Pires,ABC,RRT Inicial,Meio Ambiente,2020,4
19,Ribeirão Pires,ABC,RRT Inicial,Instalações e Equipamentos Referentes ao Urbanismo,2020,12
20,Rio Grande da Serra,ABC,RRT Inicial,"Patrimônio Arquitetônico, Urbanístico e Paisagístico",2020,0
21,Rio Grande da Serra,ABC,RRT Inicial,Conforto Ambiental,2020,0
22,Rio Grande da Serra,ABC,RRT Inicial,Arquitetura das Edificações,2020,72
23,Rio Grande da Serra,ABC,RRT Inicial,Urbanismo e Desenho Urbano,2020,26
24,Rio Grande da Serra,ABC,RRT Inicial,Instalações e Equipamentos Referentes ao Urbanismo,2020,19
25,Santo André,ABC,RRT Inicial,Planejamento Urbano e Regional,2020,3
26,Santo André,ABC,RRT Inicial,Instalações e Equipamentos Referentes ao Urbanismo,2020,32
27,Santo André,ABC,RRT Inicial,Urbanismo e Desenho Urbano,2020,97
28,Santo André,ABC,RRT Inicial,Arquitetura das Edificações,2020,2658
29,Santo André,ABC,RRT Inicial,"Patrimônio Arquitetônico, Urbanístico e Paisagístico",2020,5
30,Santo André,ABC,RRT Inicial,Conforto Ambiental,2020,75
31,Santo André,ABC,RRT Inicial,Meio Ambiente,2020,27
32,São Bernardo do Campo,ABC,RRT Inicial,Urbanismo e Desenho Urbano,2020,76
33,São Bernardo do Campo,ABC,RRT Inicial,Arquitetura das Edificações,2020,2559
34,São Bernardo do Campo,ABC,RRT Inicial,Conforto Ambiental,2020,59
35,São Bernardo do Campo,ABC,RRT Inicial,Meio Ambiente,2020,16
36,São Bernardo do Campo,ABC,RRT Inicial,Planejamento Urbano e Regional,2020,1
37,São Bernardo do Campo,ABC,RRT Inicial,"Patrimônio Arquitetônico, Urbanístico e Paisagístico",2020,1
38,São Bernardo do Campo,ABC,RRT Inicial,Instalações e Equipamentos Referentes ao Urbanismo,2020,11
39,São Caetano do Sul,ABC,RRT Inicial,"Patrimônio Arquitetônico, Urbanístico e Paisagístico",2020,1
40,São Caetano do Sul,ABC,RRT Inicial,Instalações e Equipamentos Referentes ao Urbanismo,2020,3
41,São Caetano do Sul,ABC,RRT Inicial,Meio Ambiente,2020,2
42,São Caetano do Sul,ABC,RRT Inicial,Urbanismo e Desenho Urbano,2020,34
43,São Caetano do Sul,ABC,RRT Inicial,Arquitetura das Edificações,2020,769
44,São Caetano do Sul,ABC,RRT Inicial,Planejamento Urbano e Regional,2020,0
45,São Caetano do Sul,ABC,RRT Inicial,Conforto Ambiental,2020,48
46,Americana,Campinas,RRT Inicial,"Patrimônio Arquitetônico, Urbanístico e Paisagístico",2020,0
47,Americana,Campinas,RRT Inicial,Instalações e Equipamentos Referentes ao Urbanismo,2020,6
48,Americana,Campinas,RRT Inicial,Meio Ambiente,2020,3
49,Americana,Campinas,RRT Inicial,Urbanismo e Desenho Urbano,2020,57
50,Americana,Campinas,RRT Inicial,Arquitetura das Edificações,2020,1121
51,Americana,Campinas,RRT Inicial,Planejamento Urbano e Regional,2020,0
52,Americana,Campinas,RRT Inicial,Conforto Ambiental,2020,10
53,Artur Nogueira,Campinas,RRT Inicial,"Patrimônio Arquitetônico, Urbanístico e Paisagístico",2020,0
54,Artur Nogueira,Campinas,RRT Inicial,Conforto Ambiental,2020,0
55,Artur Nogueira,Campinas,RRT Inicial,Urbanismo e Desenho Urbano,2020,23
56,Artur Nogueira,Campinas,RRT Inicial,Arquitetura das Edificações,2020,356
57,Artur Nogueira,Campinas,RRT Inicial,Instalações e Equipamentos Referentes ao Urbanismo,2020,1
58,Artur Nogueira,Campinas,RRT Inicial,Planejamento Urbano e Regional,2020,0
59,Artur Nogueira,Campinas,RRT Inicial,Meio Ambiente,2020,0
60,Campinas,Campinas,RRT Inicial,"Patrimônio Arquitetônico, Urbanístico e Paisagístico",2020,6
61,Campinas,Campinas,RRT Inicial,Meio Ambiente,2020,20
62,Campinas,Campinas,RRT Inicial,Planejamento Urbano e Regional,2020,1
63,Campinas,Campinas,RRT Inicial,Instalações e Equipamentos Referentes ao Urbanismo,2020,60
64,Campinas,Campinas,RRT Inicial,Conforto Ambiental,2020,159
65,Campinas,Campinas,RRT Inicial,Urbanismo e Desenho Urbano,2020,200
66,Campinas,Campinas,RRT Inicial,Arquitetura das Edificações,2020,3392
67,Cosmópolis,Campinas,RRT Inicial,Conforto Ambiental,2020,1
68,Cosmópolis,Campinas,RRT Inicial,Urbanismo e Desenho Urbano,2020,5
69,Cosmópolis,Campinas,RRT Inicial,Arquitetura das Edificações,2020,93
70,Cosmópolis,Campinas,RRT Inicial,Planejamento Urbano e Regional,2020,0
71,Cosmópolis,Campinas,RRT Inicial,Instalações e Equipamentos Referentes ao Urbanismo,2020,1
72,Engenheiro Coelho,Campinas,RRT Inicial,Conforto Ambiental,2020,0
73,Engenheiro Coelho,Campinas,RRT Inicial,Planejamento Urbano e Regional,2020,1
74,Engenheiro Coelho,Campinas,RRT Inicial,"Patrimônio Arquitetônico, Urbanístico e Paisagístico",2020,2
75,Engenheiro Coelho,Campinas,RRT Inicial,Urbanismo e Desenho Urbano,2020,19
76,Engenheiro Coelho,Campinas,RRT Inicial,Arquitetura das Edificações,2020,176
77,Engenheiro Coelho,Campinas,RRT Inicial,Meio Ambiente,2020,1
78,Engenheiro Coelho,Campinas,RRT Inicial,Instalações e Equipamentos Referentes ao Urbanismo,2020,0
79,Holambra,Campinas,RRT Inicial,Meio Ambiente,2020,0
80,Holambra,Campinas,RRT Inicial,Instalações e Equipamentos Referentes ao Urbanismo,2020,5
81,Holambra,Campinas,RRT Inicial,Urbanismo e Desenho Urbano,2020,6
82,Holambra,Campinas,RRT Inicial,Arquitetura das Edificações,2020,229
83,Holambra,Campinas,RRT Inicial,Conforto Ambiental,2020,1
84,Holambra,Campinas,RRT Inicial,Planejamento Urbano e Regional,2020,1
85,Hortolândia,Campinas,RRT Inicial,Conforto Ambiental,2020,7
86,Hortolândia,Campinas,RRT Inicial,Planejamento Urbano e Regional,2020,0
87,Hortolândia,Campinas,RRT Inicial,Urbanismo e Desenho Urbano,2020,62
88,Hortolândia,Campinas,RRT Inicial,Arquitetura das Edificações,2020,872
89,Hortolândia,Campinas,RRT Inicial,Meio Ambiente,2020,0
90,Hortolândia,Campinas,RRT Inicial,Instalações e Equipamentos Referentes ao Urbanismo,2020,17
91,Indaiatuba,Campinas,RRT Inicial,Instalações e Equipamentos Referentes ao Urbanismo,2020,5
92,Indaiatuba,Campinas,RRT Inicial,Conforto Ambiental,2020,30
93,Indaiatuba,Campinas,RRT Inicial,Meio Ambiente,2020,6
94,Indaiatuba,Campinas,RRT Inicial,"Patrimônio Arquitetônico, Urbanístico e Paisagístico",2020,1
95,Indaiatuba,Campinas,RRT Inicial,Urbanismo e Desenho Urbano,2020,45
96,Indaiatuba,Campinas,RRT Inicial,Arquitetura das Edificações,2020,2551
97,Itatiba,Campinas,RRT Inicial,Urbanismo e Desenho Urbano,2020,34
98,Itatiba,Campinas,RRT Inicial,Arquitetura das Edificações,2020,600
99,Itatiba,Campinas,RRT Inicial,Planejamento Urbano e Regional,2020,0
100,Itatiba,Campinas,RRT Inicial,Meio Ambiente,2020,12
101,Itatiba,Campinas,RRT Inicial,Conforto Ambiental,2020,10
102,Itatiba,Campinas,RRT Inicial,Instalações e Equipamentos Referentes ao Urbanismo,2020,6
103,Itatiba,Campinas,RRT Inicial,"Patrimônio Arquitetônico, Urbanístico e Paisagístico",2020,0
104,Jaguariúna,Campinas,RRT Inicial,Planejamento Urbano e Regional,2020,0
105,Jaguariúna,Campinas,RRT Inicial,Instalações e Equipamentos Referentes ao Urbanismo,2020,2
106,Jaguariúna,Campinas,RRT Inicial,Urbanismo e Desenho Urbano,2020,84
107,Jaguariúna,Campinas,RRT Inicial,Arquitetura das Edificações,2020,387
108,Jaguariúna,Campinas,RRT Inicial,"Patrimônio Arquitetônico, Urbanístico e Paisagístico",2020,0
109,Jaguariúna,Campinas,RRT Inicial,Conforto Ambiental,2020,3
110,Jaguariúna,Campinas,RRT Inicial,Meio Ambiente,2020,2
111,Monte Mor,Campinas,RRT Inicial,Conforto Ambiental,2020,0
112,Monte Mor,Campinas,RRT Inicial,Urbanismo e Desenho Urbano,2020,6
113,Monte Mor,Campinas,RRT Inicial,Arquitetura das Edificações,2020,241
114,Monte Mor,Campinas,RRT Inicial,Instalações e Equipamentos Referentes ao Urbanismo,2020,0
115,Monte Mor,Campinas,RRT Inicial,Planejamento Urbano e Regional,2020,0
116,Morungaba,Campinas,RRT Inicial,Instalações e Equipamentos Referentes ao Urbanismo,2020,0
117,Morungaba,Campinas,RRT Inicial,Conforto Ambiental,2020,2
118,Morungaba,Campinas,RRT Inicial,Urbanismo e Desenho Urbano,2020,1
119,Morungaba,Campinas,RRT Inicial,Arquitetura das Edificações,2020,17
120,Nova Odessa,Campinas,RRT Inicial,Planejamento Urbano e Regional,2020,0
121,Nova Odessa,Campinas,RRT Inicial,Instalações e Equipamentos Referentes ao Urbanismo,2020,0
122,Nova Odessa,Campinas,RRT Inicial,"Patrimônio Arquitetônico, Urbanístico e Paisagístico",2020,0
123,Nova Odessa,Campinas,RRT Inicial,Meio Ambiente,2020,3
124,Nova Odessa,Campinas,RRT Inicial,Conforto Ambiental,2020,2
125,Nova Odessa,Campinas,RRT Inicial,Urbanismo e Desenho Urbano,2020,6
126,Nova Odessa,Campinas,RRT Inicial,Arquitetura das Edificações,2020,232
127,Paulínia,Campinas,RRT Inicial,Instalações e Equipamentos Referentes ao Urbanismo,2020,2
128,Paulínia,Campinas,RRT Inicial,Urbanismo e Desenho Urbano,2020,17
129,Paulínia,Campinas,RRT Inicial,Arquitetura das Edificações,2020,858
130,Paulínia,Campinas,RRT Inicial,"Patrimônio Arquitetônico, Urbanístico e Paisagístico",2020,0
131,Paulínia,Campinas,RRT Inicial,Meio Ambiente,2020,3
132,Paulínia,Campinas,RRT Inicial,Conforto Ambiental,2020,10
133,Pedreira,Campinas,RRT Inicial,Urbanismo e Desenho Urbano,2020,12
134,Pedreira,Campinas,RRT Inicial,Arquitetura das Edificações,2020,121
135,Pedreira,Campinas,RRT Inicial,Conforto Ambiental,2020,0
136,Pedreira,Campinas,RRT Inicial,"Patrimônio Arquitetônico, Urbanístico e Paisagístico",2020,0
137,Pedreira,Campinas,RRT Inicial,Instalações e Equipamentos Referentes ao Urbanismo,2020,2
138,Pedreira,Campinas,RRT Inicial,Planejamento Urbano e Regional,2020,0
139,Santa Bárbara d'Oeste,Campinas,RRT Inicial,"Patrimônio Arquitetônico, Urbanístico e Paisagístico",2020,0
140,Santa Bárbara d'Oeste,Campinas,RRT Inicial,Urbanismo e Desenho Urbano,2020,29
141,Santa Bárbara d'Oeste,Campinas,RRT Inicial,Arquitetura das Edificações,2020,497
142,Santa Bárbara d'Oeste,Campinas,RRT Inicial,Conforto Ambiental,2020,6
143,Santa Bárbara d'Oeste,Campinas,RRT Inicial,Instalações e Equipamentos Referentes ao Urbanismo,2020,8
144,Santa Bárbara d'Oeste,Campinas,RRT Inicial,Meio Ambiente,2020,7
145,Santo Antônio de Posse,Campinas,RRT Inicial,Planejamento Urbano e Regional,2020,0
146,Santo Antônio de Posse,Campinas,RRT Inicial,Instalações e Equipamentos Referentes ao Urbanismo,2020,1
147,Santo Antônio de Posse,Campinas,RRT Inicial,Urbanismo e Desenho Urbano,2020,6
148,Santo Antônio de Posse,Campinas,RRT Inicial,Arquitetura das Edificações,2020,49
149,Santo Antônio de Posse,Campinas,RRT Inicial,Conforto Ambiental,2020,0
150,Sumaré,Campinas,RRT Inicial,Meio Ambiente,2020,2
151,Sumaré,Campinas,RRT Inicial,"Patrimônio Arquitetônico, Urbanístico e Paisagístico",2020,0
152,Sumaré,Campinas,RRT Inicial,Instalações e Equipamentos Referentes ao Urbanismo,2020,3
153,Sumaré,Campinas,RRT Inicial,Urbanismo e Desenho Urbano,2020,22
154,Sumaré,Campinas,RRT Inicial,Arquitetura das Edificações,2020,239
155,Sumaré,Campinas,RRT Inicial,Conforto Ambiental,2020,9
156,Sumaré,Campinas,RRT Inicial,Planejamento Urbano e Regional,2020,1
157,Valinhos,Campinas,RRT Inicial,Instalações e Equipamentos Referentes ao Urbanismo,2020,8
158,Valinhos,Campinas,RRT Inicial,Conforto Ambiental,2020,21
159,Valinhos,Campinas,RRT Inicial,Meio Ambiente,2020,0
160,Valinhos,Campinas,RRT Inicial,"Patrimônio Arquitetônico, Urbanístico e Paisagístico",2020,0
161,Valinhos,Campinas,RRT Inicial,Planejamento Urbano e Regional,2020,0
162,Valinhos,Campinas,RRT Inicial,Urbanismo e Desenho Urbano,2020,35
163,Valinhos,Campinas,RRT Inicial,Arquitetura das Edificações,2020,661
164,Vinhedo,Campinas,RRT Inicial,Instalações e Equipamentos Referentes ao Urbanismo,2020,15
165,Vinhedo,Campinas,RRT Inicial,Conforto Ambiental,2020,15
166,Vinhedo,Campinas,RRT Inicial,Meio Ambiente,2020,1
167,Vinhedo,Campinas,RRT Inicial,"Patrimônio Arquitetônico, Urbanístico e Paisagístico",2020,1
168,Vinhedo,Campinas,RRT Inicial,Urbanismo e Desenho Urbano,2020,15
169,Vinhedo,Campinas,RRT Inicial,Arquitetura das Edificações,2020,653
170,Alambari,Sorocaba,RRT Inicial,Planejamento Urbano e Regional,2020,0
171,Alambari,Sorocaba,RRT Inicial,Instalações e Equipamentos Referentes ao Urbanismo,2020,0
172,Alambari,Sorocaba,RRT Inicial,Urbanismo e Desenho Urbano,2020,6
173,Alambari,Sorocaba,RRT Inicial,Arquitetura das Edificações,2020,16
174,Alumínio,Sorocaba,RRT Inicial,"Patrimônio Arquitetônico, Urbanístico e Paisagístico",2020,0
175,Alumínio,Sorocaba,RRT Inicial,Instalações e Equipamentos Referentes ao Urbanismo,2020,2
176,Alumínio,Sorocaba,RRT Inicial,Conforto Ambiental,2020,0
177,Alumínio,Sorocaba,RRT Inicial,Urbanismo e Desenho Urbano,2020,13
178,Alumínio,Sorocaba,RRT Inicial,Arquitetura das Edificações,2020,57
179,Araçariguama,Sorocaba,RRT Inicial,"Patrimônio Arquitetônico, Urbanístico e Paisagístico",2020,0
180,Araçariguama,Sorocaba,RRT Inicial,Instalações e Equipamentos Referentes ao Urbanismo,2020,18
181,Araçariguama,Sorocaba,RRT Inicial,Meio Ambiente,2020,0
182,Araçariguama,Sorocaba,RRT Inicial,Urbanismo e Desenho Urbano,2020,6
183,Araçariguama,Sorocaba,RRT Inicial,Arquitetura das Edificações,2020,123
184,Araçariguama,Sorocaba,RRT Inicial,Planejamento Urbano e Regional,2020,2
185,Araçariguama,Sorocaba,RRT Inicial,Conforto Ambiental,2020,2
186,Araçoiaba da Serra,Sorocaba,RRT Inicial,"Patrimônio Arquitetônico, Urbanístico e Paisagístico",2020,0
187,Araçoiaba da Serra,Sorocaba,RRT Inicial,Planejamento Urbano e Regional,2020,0
188,Araçoiaba da Serra,Sorocaba,RRT Inicial,Urbanismo e Desenho Urbano,2020,35
189,Araçoiaba da Serra,Sorocaba,RRT Inicial,Arquitetura das Edificações,2020,293
190,Araçoiaba da Serra,Sorocaba,RRT Inicial,Conforto Ambiental,2020,0
191,Araçoiaba da Serra,Sorocaba,RRT Inicial,Instalações e Equipamentos Referentes ao Urbanismo,2020,1
192,Araçoiaba da Serra,Sorocaba,RRT Inicial,Meio Ambiente,2020,0
193,Boituva,Sorocaba,RRT Inicial,Instalações e Equipamentos Referentes ao Urbanismo,2020,2
194,Boituva,Sorocaba,RRT Inicial,Conforto Ambiental,2020,0
195,Boituva,Sorocaba,RRT Inicial,Meio Ambiente,2020,4
196,Boituva,Sorocaba,RRT Inicial,"Patrimônio Arquitetônico, Urbanístico e Paisagístico",2020,0
197,Boituva,Sorocaba,RRT Inicial,Urbanismo e Desenho Urbano,2020,47
198,Boituva,Sorocaba,RRT Inicial,Arquitetura das Edificações,2020,683
199,Capela do Alto,Sorocaba,RRT Inicial,Urbanismo e Desenho Urbano,2020,9
200,Capela do Alto,Sorocaba,RRT Inicial,Arquitetura das Edificações,2020,37
201,Capela do Alto,Sorocaba,RRT Inicial,Planejamento Urbano e Regional,2020,0
202,Capela do Alto,Sorocaba,RRT Inicial,Instalações e Equipamentos Referentes ao Urbanismo,2020,0
203,Capela do Alto,Sorocaba,RRT Inicial,"Patrimônio Arquitetônico, Urbanístico e Paisagístico",2020,0
204,Cerquilho,Sorocaba,RRT Inicial,"Patrimônio Arquitetônico, Urbanístico e Paisagístico",2020,0
205,Cerquilho,Sorocaba,RRT Inicial,Planejamento Urbano e Regional,2020,1
206,Cerquilho,Sorocaba,RRT Inicial,Urbanismo e Desenho Urbano,2020,29
207,Cerquilho,Sorocaba,RRT Inicial,Arquitetura das Edificações,2020,328
208,Cerquilho,Sorocaba,RRT Inicial,Conforto Ambiental,2020,2
209,Cerquilho,Sorocaba,RRT Inicial,Instalações e Equipamentos Referentes ao Urbanismo,2020,9
210,Cerquilho,Sorocaba,RRT Inicial,Meio Ambiente,2020,0
211,Cesário Lange,Sorocaba,RRT Inicial,Urbanismo e Desenho Urbano,2020,10
212,Cesário Lange,Sorocaba,RRT Inicial,Arquitetura das Edificações,2020,83
213,Cesário Lange,Sorocaba,RRT Inicial,Conforto Ambiental,2020,1
214,Cesário Lange,Sorocaba,RRT Inicial,Instalações e Equipamentos Referentes ao Urbanismo,2020,1
215,Ibiúna,Sorocaba,RRT Inicial,"Patrimônio Arquitetônico, Urbanístico e Paisagístico",2020,0
216,Ibiúna,Sorocaba,RRT Inicial,Conforto Ambiental,2020,0
217,Ibiúna,Sorocaba,RRT Inicial,Urbanismo e Desenho Urbano,2020,6
218,Ibiúna,Sorocaba,RRT Inicial,Arquitetura das Edificações,2020,195
219,Ibiúna,Sorocaba,RRT Inicial,Instalações e Equipamentos Referentes ao Urbanismo,2020,2
220,Iperó,Sorocaba,RRT Inicial,Conforto Ambiental,2020,0
221,Iperó,Sorocaba,RRT Inicial,Urbanismo e Desenho Urbano,2020,19
222,Iperó,Sorocaba,RRT Inicial,Arquitetura das Edificações,2020,115
223,Iperó,Sorocaba,RRT Inicial,Instalações e Equipamentos Referentes ao Urbanismo,2020,2
224,Iperó,Sorocaba,RRT Inicial,"Patrimônio Arquitetônico, Urbanístico e Paisagístico",2020,4
225,Iperó,Sorocaba,RRT Inicial,Planejamento Urbano e Regional,2020,2
226,Itapetininga,Sorocaba,RRT Inicial,Instalações e Equipamentos Referentes ao Urbanismo,2020,0
227,Itapetininga,Sorocaba,RRT Inicial,"Patrimônio Arquitetônico, Urbanístico e Paisagístico",2020,0
228,Itapetininga,Sorocaba,RRT Inicial,Meio Ambiente,2020,1
229,Itapetininga,Sorocaba,RRT Inicial,Conforto Ambiental,2020,3
230,Itapetininga,Sorocaba,RRT Inicial,Urbanismo e Desenho Urbano,2020,40
231,Itapetininga,Sorocaba,RRT Inicial,Arquitetura das Edificações,2020,588
232,Itu,Sorocaba,RRT Inicial,"Patrimônio Arquitetônico, Urbanístico e Paisagístico",2020,4
233,Itu,Sorocaba,RRT Inicial,Instalações e Equipamentos Referentes ao Urbanismo,2020,35
234,Itu,Sorocaba,RRT Inicial,Meio Ambiente,2020,2
235,Itu,Sorocaba,RRT Inicial,Urbanismo e Desenho Urbano,2020,63
236,Itu,Sorocaba,RRT Inicial,Arquitetura das Edificações,2020,1479
237,Itu,Sorocaba,RRT Inicial,Planejamento Urbano e Regional,2020,2
238,Itu,Sorocaba,RRT Inicial,Conforto Ambiental,2020,8
239,Jumirim,Sorocaba,RRT Inicial,Instalações e Equipamentos Referentes ao Urbanismo,2020,0
240,Jumirim,Sorocaba,RRT Inicial,Conforto Ambiental,2020,0
241,Jumirim,Sorocaba,RRT Inicial,Urbanismo e Desenho Urbano,2020,2
242,Jumirim,Sorocaba,RRT Inicial,Arquitetura das Edificações,2020,24
243,Jumirim,Sorocaba,RRT Inicial,"Patrimônio Arquitetônico, Urbanístico e Paisagístico",2020,0
244,Mairinque,Sorocaba,RRT Inicial,"Patrimônio Arquitetônico, Urbanístico e Paisagístico",2020,0
245,Mairinque,Sorocaba,RRT Inicial,Instalações e Equipamentos Referentes ao Urbanismo,2020,9
246,Mairinque,Sorocaba,RRT Inicial,Meio Ambiente,2020,4
247,Mairinque,Sorocaba,RRT Inicial,Urbanismo e Desenho Urbano,2020,51
248,Mairinque,Sorocaba,RRT Inicial,Arquitetura das Edificações,2020,205
249,Mairinque,Sorocaba,RRT Inicial,Planejamento Urbano e Regional,2020,0
250,Mairinque,Sorocaba,RRT Inicial,Conforto Ambiental,2020,0
251,Piedade,Sorocaba,RRT Inicial,Urbanismo e Desenho Urbano,2020,7
252,Piedade,Sorocaba,RRT Inicial,Arquitetura das Edificações,2020,48
253,Piedade,Sorocaba,RRT Inicial,Meio Ambiente,2020,0
254,Piedade,Sorocaba,RRT Inicial,Conforto Ambiental,2020,0
255,Piedade,Sorocaba,RRT Inicial,"Patrimônio Arquitetônico, Urbanístico e Paisagístico",2020,0
256,Piedade,Sorocaba,RRT Inicial,Instalações e Equipamentos Referentes ao Urbanismo,2020,3
257,Pilar do Sul,Sorocaba,RRT Inicial,"Patrimônio Arquitetônico, Urbanístico e Paisagístico",2020,0
258,Pilar do Sul,Sorocaba,RRT Inicial,Meio Ambiente,2020,0
259,Pilar do Sul,Sorocaba,RRT Inicial,Planejamento Urbano e Regional,2020,0
260,Pilar do Sul,Sorocaba,RRT Inicial,Instalações e Equipamentos Referentes ao Urbanismo,2020,1
261,Pilar do Sul,Sorocaba,RRT Inicial,Conforto Ambiental,2020,2
262,Pilar do Sul,Sorocaba,RRT Inicial,Urbanismo e Desenho Urbano,2020,12
263,Pilar do Sul,Sorocaba,RRT Inicial,Arquitetura das Edificações,2020,56
264,Porto Feliz,Sorocaba,RRT Inicial,Urbanismo e Desenho Urbano,2020,20
265,Porto Feliz,Sorocaba,RRT Inicial,Arquitetura das Edificações,2020,671
266,Porto Feliz,Sorocaba,RRT Inicial,Meio Ambiente,2020,1
267,Porto Feliz,Sorocaba,RRT Inicial,Conforto Ambiental,2020,6
268,Porto Feliz,Sorocaba,RRT Inicial,"Patrimônio Arquitetônico, Urbanístico e Paisagístico",2020,1
269,Porto Feliz,Sorocaba,RRT Inicial,Instalações e Equipamentos Referentes ao Urbanismo,2020,2
270,Porto Feliz,Sorocaba,RRT Inicial,Planejamento Urbano e Regional,2020,0
271,Salto,Sorocaba,RRT Inicial,Urbanismo e Desenho Urbano,2020,68
272,Salto,Sorocaba,RRT Inicial,Arquitetura das Edificações,2020,1355
273,Salto,Sorocaba,RRT Inicial,Conforto Ambiental,2020,3
274,Salto,Sorocaba,RRT Inicial,Meio Ambiente,2020,2
275,Salto,Sorocaba,RRT Inicial,"Patrimônio Arquitetônico, Urbanístico e Paisagístico",2020,3
276,Salto,Sorocaba,RRT Inicial,Instalações e Equipamentos Referentes ao Urbanismo,2020,2
277,Salto de Pirapora,Sorocaba,RRT Inicial,"Patrimônio Arquitetônico, Urbanístico e Paisagístico",2020,0
278,Salto de Pirapora,Sorocaba,RRT Inicial,Instalações e Equipamentos Referentes ao Urbanismo,2020,0
279,Salto de Pirapora,Sorocaba,RRT Inicial,Urbanismo e Desenho Urbano,2020,4
280,Salto de Pirapora,Sorocaba,RRT Inicial,Arquitetura das Edificações,2020,250
281,Salto de Pirapora,Sorocaba,RRT Inicial,Conforto Ambiental,2020,0
282,São Miguel Arcanjo,Sorocaba,RRT Inicial,Conforto Ambiental,2020,0
283,São Miguel Arcanjo,Sorocaba,RRT Inicial,Meio Ambiente,2020,0
284,São Miguel Arcanjo,Sorocaba,RRT Inicial,Urbanismo e Desenho Urbano,2020,5
285,São Miguel Arcanjo,Sorocaba,RRT Inicial,Arquitetura das Edificações,2020,59
286,São Miguel Arcanjo,Sorocaba,RRT Inicial,Instalações e Equipamentos Referentes ao Urbanismo,2020,0
287,São Roque,Sorocaba,RRT Inicial,Instalações e Equipamentos Referentes ao Urbanismo,2020,9
288,São Roque,Sorocaba,RRT Inicial,Planejamento Urbano e Regional,2020,2
289,São Roque,Sorocaba,RRT Inicial,Conforto Ambiental,2020,3
290,São Roque,Sorocaba,RRT Inicial,Meio Ambiente,2020,21
291,São Roque,Sorocaba,RRT Inicial,Urbanismo e Desenho Urbano,2020,38
292,São Roque,Sorocaba,RRT Inicial,Arquitetura das Edificações,2020,303
293,São Roque,Sorocaba,RRT Inicial,"Patrimônio Arquitetônico, Urbanístico e Paisagístico",2020,0
294,Sarapuí,Sorocaba,RRT Inicial,Planejamento Urbano e Regional,2020,1
295,Sarapuí,Sorocaba,RRT Inicial,Urbanismo e Desenho Urbano,2020,57
296,Sarapuí,Sorocaba,RRT Inicial,Arquitetura das Edificações,2020,69
297,Sarapuí,Sorocaba,RRT Inicial,Instalações e Equipamentos Referentes ao Urbanismo,2020,0
298,Sorocaba,Sorocaba,RRT Inicial,Conforto Ambiental,2020,64
299,Sorocaba,Sorocaba,RRT Inicial,Meio Ambiente,2020,6
300,Sorocaba,Sorocaba,RRT Inicial,Urbanismo e Desenho Urbano,2020,81
301,Sorocaba,Sorocaba,RRT Inicial,Arquitetura das Edificações,2020,3206
302,Sorocaba,Sorocaba,RRT Inicial,Instalações e Equipamentos Referentes ao Urbanismo,2020,14
303,Sorocaba,Sorocaba,RRT Inicial,"Patrimônio Arquitetônico, Urbanístico e Paisagístico",2020,1
304,Sorocaba,Sorocaba,RRT Inicial,Planejamento Urbano e Regional,2020,1
305,Tapiraí,Sorocaba,RRT Inicial,Urbanismo e Desenho Urbano,2020,0
306,Tapiraí,Sorocaba,RRT Inicial,Arquitetura das Edificações,2020,5
307,Tapiraí,Sorocaba,RRT Inicial,Instalações e Equipamentos Referentes ao Urbanismo,2020,0
308,Tatuí,Sorocaba,RRT Inicial,Meio Ambiente,2020,1
309,Tatuí,Sorocaba,RRT Inicial,Conforto Ambiental,2020,3
310,Tatuí,Sorocaba,RRT Inicial,Urbanismo e Desenho Urbano,2020,20
311,Tatuí,Sorocaba,RRT Inicial,Arquitetura das Edificações,2020,390
312,Tatuí,Sorocaba,RRT Inicial,Planejamento Urbano e Regional,2020,0
313,Tatuí,Sorocaba,RRT Inicial,Instalações e Equipamentos Referentes ao Urbanismo,2020,0
314,Tatuí,Sorocaba,RRT Inicial,"Patrimônio Arquitetônico, Urbanístico e Paisagístico",2020,0
315,Tietê,Sorocaba,RRT Inicial,Urbanismo e Desenho Urbano,2020,16
316,Tietê,Sorocaba,RRT Inicial,Arquitetura das Edificações,2020,116
317,Tietê,Sorocaba,RRT Inicial,Meio Ambiente,2020,0
318,Tietê,Sorocaba,RRT Inicial,Conforto Ambiental,2020,0
319,Tietê,Sorocaba,RRT Inicial,"Patrimônio Arquitetônico, Urbanístico e Paisagístico",2020,0
320,Tietê,Sorocaba,RRT Inicial,Instalações e Equipamentos Referentes ao Urbanismo,2020,0
321,Tietê,Sorocaba,RRT Inicial,Planejamento Urbano e Regional,2020,0
322,Votorantim,Sorocaba,RRT Inicial,Conforto Ambiental,2020,7
323,Votorantim,Sorocaba,RRT Inicial,Meio Ambiente,2020,2
324,Votorantim,Sorocaba,RRT Inicial,Urbanismo e Desenho Urbano,2020,39
325,Votorantim,Sorocaba,RRT Inicial,Arquitetura das Edificações,2020,680
326,Votorantim,Sorocaba,RRT Inicial,Instalações e Equipamentos Referentes ao Urbanismo,2020,0
327,Votorantim,Sorocaba,RRT Inicial,Planejamento Urbano e Regional,2020,0
328,Diadema,ABC,RRT Social,,2020,2
329,Diadema,ABC,Empresa,,2020,13
330,Diadema,ABC,Profissional,,2020,180
331,Mauá,ABC,RRT Social,,2020,0
332,Mauá,ABC,Empresa,,2020,12
333,Mauá,ABC,Profissional,,2020,185
334,Ribeirão Pires,ABC,RRT Social,,2020,0
335,Ribeirão Pires,ABC,Empresa,,2020,12
336,Ribeirão Pires,ABC,Profissional,,2020,128
337,Rio Grande da Serra,ABC,RRT Social,,2020,0
338,Rio Grande da Serra,ABC,Empresa,,2020,1
339,Rio Grande da Serra,ABC,Profissional,,2020,16
340,Santo André,ABC,RRT Social,,2020,6
341,Santo André,ABC,Empresa,,2020,160
342,Santo André,ABC,Profissional,,2020,1215
343,São Bernardo do Campo,ABC,RRT Social,,2020,2
344,São Bernardo do Campo,ABC,Empresa,,2020,80
345,São Bernardo do Campo,ABC,Profissional,,2020,1145
346,São Caetano do Sul,ABC,RRT Social,,2020,0
347,São Caetano do Sul,ABC,Empresa,,2020,82
348,São Caetano do Sul,ABC,Profissional,,2020,550
349,Americana,Campinas,RRT Social,,2020,0
350,Americana,Campinas,Empresa,,2020,39
351,Americana,Campinas,Profissional,,2020,288
352,Artur Nogueira,Campinas,RRT Social,,2020,0
353,Artur Nogueira,Campinas,Empresa,,2020,5
354,Artur Nogueira,Campinas,Profissional,,2020,44
355,Campinas,Campinas,RRT Social,,2020,0
356,Campinas,Campinas,Empresa,,2020,218
357,Campinas,Campinas,Profissional,,2020,1936
358,Cosmópolis,Campinas,RRT Social,,2020,0
359,Cosmópolis,Campinas,Empresa,,2020,2
360,Cosmópolis,Campinas,Profissional,,2020,20
361,Engenheiro Coelho,Campinas,RRT Social,,2020,0
362,Engenheiro Coelho,Campinas,Empresa,,2020,2
363,Engenheiro Coelho,Campinas,Profissional,,2020,15
364,Holambra,Campinas,RRT Social,,2020,0
365,Holambra,Campinas,Empresa,,2020,3
366,Holambra,Campinas,Profissional,,2020,21
367,Hortolândia,Campinas,RRT Social,,2020,12
368,Hortolândia,Campinas,Empresa,,2020,7
369,Hortolândia,Campinas,Profissional,,2020,63
370,Indaiatuba,Campinas,RRT Social,,2020,1
371,Indaiatuba,Campinas,Empresa,,2020,39
372,Indaiatuba,Campinas,Profissional,,2020,393
373,Itatiba,Campinas,RRT Social,,2020,0
374,Itatiba,Campinas,Empresa,,2020,20
375,Itatiba,Campinas,Profissional,,2020,209
376,Jaguariúna,Campinas,RRT Social,,2020,4
377,Jaguariúna,Campinas,Empresa,,2020,3
378,Jaguariúna,Campinas,Profissional,,2020,34
379,Monte Mor,Campinas,RRT Social,,2020,0
380,Monte Mor,Campinas,Empresa,,2020,2
381,Monte Mor,Campinas,Profissional,,2020,19
382,Morungaba,Campinas,RRT Social,,2020,0
383,Morungaba,Campinas,Empresa,,2020,2
384,Morungaba,Campinas,Profissional,,2020,7
385,Nova Odessa,Campinas,RRT Social,,2020,0
386,Nova Odessa,Campinas,Empresa,,2020,0
387,Nova Odessa,Campinas,Profissional,,2020,18
388,Paulínia,Campinas,RRT Social,,2020,1
389,Paulínia,Campinas,Empresa,,2020,10
390,Paulínia,Campinas,Profissional,,2020,118
391,Pedreira,Campinas,RRT Social,,2020,0
392,Pedreira,Campinas,Empresa,,2020,1
393,Pedreira,Campinas,Profissional,,2020,31
394,Santa Bárbara d'Oeste,Campinas,RRT Social,,2020,0
395,Santa Bárbara d'Oeste,Campinas,Empresa,,2020,11
396,Santa Bárbara d'Oeste,Campinas,Profissional,,2020,126
397,Santo Antônio de Posse,Campinas,RRT Social,,2020,0
398,Santo Antônio de Posse,Campinas,Empresa,,2020,2
399,Santo Antônio de Posse,Campinas,Profissional,,2020,12
400,Sumaré,Campinas,RRT Social,,2020,1
401,Sumaré,Campinas,Empresa,,2020,9
402,Sumaré,Campinas,Profissional,,2020,80
403,Valinhos,Campinas,RRT Social,,2020,0
404,Valinhos,Campinas,Empresa,,2020,21
405,Valinhos,Campinas,Profissional,,2020,207
406,Vinhedo,Campinas,RRT Social,,2020,0
407,Vinhedo,Campinas,Empresa,,2020,10
408,Vinhedo,Campinas,Profissional,,2020,189
409,Alambari,Sorocaba,RRT Social,,2020,0
410,Alambari,Sorocaba,Empresa,,2020,2
411,Alambari,Sorocaba,Profissional,,2020,1
412,Alumínio,Sorocaba,RRT Social,,2020,0
413,Alumínio,Sorocaba,Empresa,,2020,0
414,Alumínio,Sorocaba,Profissional,,2020,5
415,Araçariguama,Sorocaba,RRT Social,,2020,0
416,Araçariguama,Sorocaba,Empresa,,2020,4
417,Araçariguama,Sorocaba,Profissional,,2020,8
418,Araçoiaba da Serra,Sorocaba,RRT Social,,2020,0
419,Araçoiaba da Serra,Sorocaba,Empresa,,2020,2
420,Araçoiaba da Serra,Sorocaba,Profissional,,2020,30
421,Boituva,Sorocaba,RRT Social,,2020,0
422,Boituva,Sorocaba,Empresa,,2020,6
423,Boituva,Sorocaba,Profissional,,2020,59
424,Capela do Alto,Sorocaba,RRT Social,,2020,0
425,Capela do Alto,Sorocaba,Empresa,,2020,1
426,Capela do Alto,Sorocaba,Profissional,,2020,3
427,Cerquilho,Sorocaba,RRT Social,,2020,0
428,Cerquilho,Sorocaba,Empresa,,2020,4
429,Cerquilho,Sorocaba,Profissional,,2020,43
430,Cesário Lange,Sorocaba,RRT Social,,2020,0
431,Cesário Lange,Sorocaba,Empresa,,2020,0
432,Cesário Lange,Sorocaba,Profissional,,2020,6
433,Ibiúna,Sorocaba,RRT Social,,2020,0
434,Ibiúna,Sorocaba,Empresa,,2020,1
435,Ibiúna,Sorocaba,Profissional,,2020,24
436,Iperó,Sorocaba,RRT Social,,2020,0
437,Iperó,Sorocaba,Empresa,,2020,2
438,Iperó,Sorocaba,Profissional,,2020,7
439,Itapetininga,Sorocaba,RRT Social,,2020,0
440,Itapetininga,Sorocaba,Empresa,,2020,14
441,Itapetininga,Sorocaba,Profissional,,2020,83
442,Itu,Sorocaba,RRT Social,,2020,0
443,Itu,Sorocaba,Empresa,,2020,30
444,Itu,Sorocaba,Profissional,,2020,221
445,Jumirim,Sorocaba,RRT Social,,2020,1
446,Jumirim,Sorocaba,Empresa,,2020,1
447,Jumirim,Sorocaba,Profissional,,2020,2
448,Mairinque,Sorocaba,RRT Social,,2020,0
449,Mairinque,Sorocaba,Empresa,,2020,1
450,Mairinque,Sorocaba,Profissional,,2020,21
451,Piedade,Sorocaba,RRT Social,,2020,0
452,Piedade,Sorocaba,Empresa,,2020,1
453,Piedade,Sorocaba,Profissional,,2020,24
454,Pilar do Sul,Sorocaba,RRT Social,,2020,0
455,Pilar do Sul,Sorocaba,Empresa,,2020,2
456,Pilar do Sul,Sorocaba,Profissional,,2020,12
457,Porto Feliz,Sorocaba,RRT Social,,2020,0
458,Porto Feliz,Sorocaba,Empresa,,2020,8
459,Porto Feliz,Sorocaba,Profissional,,2020,56
460,Salto,Sorocaba,RRT Social,,2020,1
461,Salto,Sorocaba,Empresa,,2020,14
462,Salto,Sorocaba,Profissional,,2020,138
463,Salto de Pirapora,Sorocaba,RRT Social,,2020,0
464,Salto de Pirapora,Sorocaba,Empresa,,2020,0
465,Salto de Pirapora,Sorocaba,Profissional,,2020,13
466,São Miguel Arcanjo,Sorocaba,RRT Social,,2020,0
467,São Miguel Arcanjo,Sorocaba,Empresa,,2020,2
468,São Miguel Arcanjo,Sorocaba,Profissional,,2020,10
469,São Roque,Sorocaba,RRT Social,,2020,0
470,São Roque,Sorocaba,Empresa,,2020,13
471,São Roque,Sorocaba,Profissional,,2020,102
472,Sarapuí,Sorocaba,RRT Social,,2020,0
473,Sarapuí,Sorocaba,Empresa,,2020,0
474,Sarapuí,Sorocaba,Profissional,,2020,6
475,Sorocaba,Sorocaba,RRT Social,,2020,3
476,Sorocaba,Sorocaba,Empresa,,2020,114
477,Sorocaba,Sorocaba,Profissional,,2020,906
478,Tapiraí,Sorocaba,RRT Social,,2020,0
479,Tapiraí,Sorocaba,Empresa,,2020,0
480,Tapiraí,Sorocaba,Profissional,,2020,3
481,Tatuí,Sorocaba,RRT Social,,2020,0
482,Tatuí,Sorocaba,Empresa,,2020,6
483,Tatuí,Sorocaba,Profissional,,2020,66
484,Tietê,Sorocaba,RRT Social,,2020,0
485,Tietê,Sorocaba,Empresa,,2020,2
486,Tietê,Sorocaba,Profissional,,2020,47
487,Votorantim,Sorocaba,RRT Social,,2020,0
488,Votorantim,Sorocaba,Empresa,,2020,9
489,Votorantim,Sorocaba,Profissional,,2020,86
490,Diadema,ABC,RRT Inicial,Meio Ambiente,2021,22
491,Diadema,ABC,RRT Inicial,Conforto Ambiental,2021,29
492,Diadema,ABC,RRT Inicial,Urbanismo e Desenho Urbano,2021,37
493,Diadema,ABC,RRT Inicial,Arquitetura das Edificações,2021,674
494,Diadema,ABC,RRT Inicial,Planejamento Urbano e Regional,2021,0
495,Diadema,ABC,RRT Inicial,Instalações e Equipamentos Referentes ao Urbanismo,2021,37
496,Diadema,ABC,RRT Inicial,"Patrimônio Arquitetônico, Urbanístico e Paisagístico",2021,3
497,Mauá,ABC,RRT Inicial,Meio Ambiente,2021,2
498,Mauá,ABC,RRT Inicial,Conforto Ambiental,2021,12
499,Mauá,ABC,RRT Inicial,Urbanismo e Desenho Urbano,2021,17
500,Mauá,ABC,RRT Inicial,Arquitetura das Edificações,2021,590
501,Mauá,ABC,RRT Inicial,Planejamento Urbano e Regional,2021,0
502,Mauá,ABC,RRT Inicial,Instalações e Equipamentos Referentes ao Urbanismo,2021,72
503,Mauá,ABC,RRT Inicial,"Patrimônio Arquitetônico, Urbanístico e Paisagístico",2021,0
504,Ribeirão Pires,ABC,RRT Inicial,Conforto Ambiental,2021,2
505,Ribeirão Pires,ABC,RRT Inicial,"Patrimônio Arquitetônico, Urbanístico e Paisagístico",2021,0
506,Ribeirão Pires,ABC,RRT Inicial,Urbanismo e Desenho Urbano,2021,45
507,Ribeirão Pires,ABC,RRT Inicial,Arquitetura das Edificações,2021,333
508,Ribeirão Pires,ABC,RRT Inicial,Meio Ambiente,2021,0
509,Ribeirão Pires,ABC,RRT Inicial,Instalações e Equipamentos Referentes ao Urbanismo,2021,5
510,Rio Grande da Serra,ABC,RRT Inicial,"Patrimônio Arquitetônico, Urbanístico e Paisagístico",2021,0
511,Rio Grande da Serra,ABC,RRT Inicial,Conforto Ambiental,2021,0
512,Rio Grande da Serra,ABC,RRT Inicial,Arquitetura das Edificações,2021,58
513,Rio Grande da Serra,ABC,RRT Inicial,Urbanismo e Desenho Urbano,2021,22
514,Rio Grande da Serra,ABC,RRT Inicial,Instalações e Equipamentos Referentes ao Urbanismo,2021,6
515,Santo André,ABC,RRT Inicial,Planejamento Urbano e Regional,2021,5
516,Santo André,ABC,RRT Inicial,Instalações e Equipamentos Referentes ao Urbanismo,2021,67
517,Santo André,ABC,RRT Inicial,Urbanismo e Desenho Urbano,2021,100
518,Santo André,ABC,RRT Inicial,Arquitetura das Edificações,2021,3822
519,Santo André,ABC,RRT Inicial,"Patrimônio Arquitetônico, Urbanístico e Paisagístico",2021,16
520,Santo André,ABC,RRT Inicial,Conforto Ambiental,2021,85
521,Santo André,ABC,RRT Inicial,Meio Ambiente,2021,55
522,São Bernardo do Campo,ABC,RRT Inicial,Urbanismo e Desenho Urbano,2021,80
523,São Bernardo do Campo,ABC,RRT Inicial,Arquitetura das Edificações,2021,3041
524,São Bernardo do Campo,ABC,RRT Inicial,Conforto Ambiental,2021,89
525,São Bernardo do Campo,ABC,RRT Inicial,Meio Ambiente,2021,35
526,São Bernardo do Campo,ABC,RRT Inicial,Planejamento Urbano e Regional,2021,2
527,São Bernardo do Campo,ABC,RRT Inicial,"Patrimônio Arquitetônico, Urbanístico e Paisagístico",2021,4
528,São Bernardo do Campo,ABC,RRT Inicial,Instalações e Equipamentos Referentes ao Urbanismo,2021,18
529,São Caetano do Sul,ABC,RRT Inicial,"Patrimônio Arquitetônico, Urbanístico e Paisagístico",2021,0
530,São Caetano do Sul,ABC,RRT Inicial,Instalações e Equipamentos Referentes ao Urbanismo,2021,4
531,São Caetano do Sul,ABC,RRT Inicial,Meio Ambiente,2021,2
532,São Caetano do Sul,ABC,RRT Inicial,Urbanismo e Desenho Urbano,2021,30
533,São Caetano do Sul,ABC,RRT Inicial,Arquitetura das Edificações,2021,1294
534,São Caetano do Sul,ABC,RRT Inicial,Planejamento Urbano e Regional,2021,0
535,São Caetano do Sul,ABC,RRT Inicial,Conforto Ambiental,2021,60
536,Americana,Campinas,RRT Inicial,"Patrimônio Arquitetônico, Urbanístico e Paisagístico",2021,1
537,Americana,Campinas,RRT Inicial,Instalações e Equipamentos Referentes ao Urbanismo,2021,12
538,Americana,Campinas,RRT Inicial,Meio Ambiente,2021,10
539,Americana,Campinas,RRT Inicial,Urbanismo e Desenho Urbano,2021,52
540,Americana,Campinas,RRT Inicial,Arquitetura das Edificações,2021,1247
541,Americana,Campinas,RRT Inicial,Planejamento Urbano e Regional,2021,0
542,Americana,Campinas,RRT Inicial,Conforto Ambiental,2021,14
543,Artur Nogueira,Campinas,RRT Inicial,"Patrimônio Arquitetônico, Urbanístico e Paisagístico",2021,0
544,Artur Nogueira,Campinas,RRT Inicial,Conforto Ambiental,2021,0
545,Artur Nogueira,Campinas,RRT Inicial,Urbanismo e Desenho Urbano,2021,17
546,Artur Nogueira,Campinas,RRT Inicial,Arquitetura das Edificações,2021,297
547,Artur Nogueira,Campinas,RRT Inicial,Instalações e Equipamentos Referentes ao Urbanismo,2021,0
548,Artur Nogueira,Campinas,RRT Inicial,Planejamento Urbano e Regional,2021,1
549,Artur Nogueira,Campinas,RRT Inicial,Meio Ambiente,2021,0
550,Campinas,Campinas,RRT Inicial,"Patrimônio Arquitetônico, Urbanístico e Paisagístico",2021,12
551,Campinas,Campinas,RRT Inicial,Meio Ambiente,2021,52
552,Campinas,Campinas,RRT Inicial,Planejamento Urbano e Regional,2021,4
553,Campinas,Campinas,RRT Inicial,Instalações e Equipamentos Referentes ao Urbanismo,2021,50
554,Campinas,Campinas,RRT Inicial,Conforto Ambiental,2021,182
555,Campinas,Campinas,RRT Inicial,Urbanismo e Desenho Urbano,2021,123
556,Campinas,Campinas,RRT Inicial,Arquitetura das Edificações,2021,4475
557,Cosmópolis,Campinas,RRT Inicial,Conforto Ambiental,2021,0
558,Cosmópolis,Campinas,RRT Inicial,Urbanismo e Desenho Urbano,2021,5
559,Cosmópolis,Campinas,RRT Inicial,Arquitetura das Edificações,2021,71
560,Cosmópolis,Campinas,RRT Inicial,Planejamento Urbano e Regional,2021,0
561,Cosmópolis,Campinas,RRT Inicial,Instalações e Equipamentos Referentes ao Urbanismo,2021,0
562,Engenheiro Coelho,Campinas,RRT Inicial,Conforto Ambiental,2021,1
563,Engenheiro Coelho,Campinas,RRT Inicial,Planejamento Urbano e Regional,2021,0
564,Engenheiro Coelho,Campinas,RRT Inicial,"Patrimônio Arquitetônico, Urbanístico e Paisagístico",2021,1
565,Engenheiro Coelho,Campinas,RRT Inicial,Urbanismo e Desenho Urbano,2021,13
566,Engenheiro Coelho,Campinas,RRT Inicial,Arquitetura das Edificações,2021,140
567,Engenheiro Coelho,Campinas,RRT Inicial,Meio Ambiente,2021,1
568,Engenheiro Coelho,Campinas,RRT Inicial,Instalações e Equipamentos Referentes ao Urbanismo,2021,1
569,Holambra,Campinas,RRT Inicial,Meio Ambiente,2021,2
570,Holambra,Campinas,RRT Inicial,Instalações e Equipamentos Referentes ao Urbanismo,2021,0
571,Holambra,Campinas,RRT Inicial,Urbanismo e Desenho Urbano,2021,12
572,Holambra,Campinas,RRT Inicial,Arquitetura das Edificações,2021,285
573,Holambra,Campinas,RRT Inicial,Conforto Ambiental,2021,2
574,Holambra,Campinas,RRT Inicial,Planejamento Urbano e Regional,2021,0
575,Hortolândia,Campinas,RRT Inicial,Conforto Ambiental,2021,12
576,Hortolândia,Campinas,RRT Inicial,Planejamento Urbano e Regional,2021,0
577,Hortolândia,Campinas,RRT Inicial,Urbanismo e Desenho Urbano,2021,19
578,Hortolândia,Campinas,RRT Inicial,Arquitetura das Edificações,2021,878
579,Hortolândia,Campinas,RRT Inicial,Meio Ambiente,2021,1
580,Hortolândia,Campinas,RRT Inicial,Instalações e Equipamentos Referentes ao Urbanismo,2021,4
581,Indaiatuba,Campinas,RRT Inicial,Instalações e Equipamentos Referentes ao Urbanismo,2021,7
582,Indaiatuba,Campinas,RRT Inicial,Conforto Ambiental,2021,54
583,Indaiatuba,Campinas,RRT Inicial,Meio Ambiente,2021,5
584,Indaiatuba,Campinas,RRT Inicial,"Patrimônio Arquitetônico, Urbanístico e Paisagístico",2021,1
585,Indaiatuba,Campinas,RRT Inicial,Urbanismo e Desenho Urbano,2021,53
586,Indaiatuba,Campinas,RRT Inicial,Arquitetura das Edificações,2021,3159
587,Itatiba,Campinas,RRT Inicial,Urbanismo e Desenho Urbano,2021,40
588,Itatiba,Campinas,RRT Inicial,Arquitetura das Edificações,2021,1161
589,Itatiba,Campinas,RRT Inicial,Planejamento Urbano e Regional,2021,1
590,Itatiba,Campinas,RRT Inicial,Meio Ambiente,2021,35
591,Itatiba,Campinas,RRT Inicial,Conforto Ambiental,2021,5
592,Itatiba,Campinas,RRT Inicial,Instalações e Equipamentos Referentes ao Urbanismo,2021,5
593,Itatiba,Campinas,RRT Inicial,"Patrimônio Arquitetônico, Urbanístico e Paisagístico",2021,0
594,Jaguariúna,Campinas,RRT Inicial,Planejamento Urbano e Regional,2021,2
595,Jaguariúna,Campinas,RRT Inicial,Instalações e Equipamentos Referentes ao Urbanismo,2021,1
596,Jaguariúna,Campinas,RRT Inicial,Urbanismo e Desenho Urbano,2021,87
597,Jaguariúna,Campinas,RRT Inicial,Arquitetura das Edificações,2021,538
598,Jaguariúna,Campinas,RRT Inicial,"Patrimônio Arquitetônico, Urbanístico e Paisagístico",2021,0
599,Jaguariúna,Campinas,RRT Inicial,Conforto Ambiental,2021,2
600,Jaguariúna,Campinas,RRT Inicial,Meio Ambiente,2021,9
601,Monte Mor,Campinas,RRT Inicial,Conforto Ambiental,2021,1
602,Monte Mor,Campinas,RRT Inicial,Urbanismo e Desenho Urbano,2021,6
603,Monte Mor,Campinas,RRT Inicial,Arquitetura das Edificações,2021,257
604,Monte Mor,Campinas,RRT Inicial,Instalações e Equipamentos Referentes ao Urbanismo,2021,1
605,Monte Mor,Campinas,RRT Inicial,Planejamento Urbano e Regional,2021,0
606,Morungaba,Campinas,RRT Inicial,Instalações e Equipamentos Referentes ao Urbanismo,2021,0
607,Morungaba,Campinas,RRT Inicial,Conforto Ambiental,2021,4
608,Morungaba,Campinas,RRT Inicial,Urbanismo e Desenho Urbano,2021,2
609,Morungaba,Campinas,RRT Inicial,Arquitetura das Edificações,2021,31
610,Nova Odessa,Campinas,RRT Inicial,Planejamento Urbano e Regional,2021,0
611,Nova Odessa,Campinas,RRT Inicial,Instalações e Equipamentos Referentes ao Urbanismo,2021,1
612,Nova Odessa,Campinas,RRT Inicial,"Patrimônio Arquitetônico, Urbanístico e Paisagístico",2021,0
613,Nova Odessa,Campinas,RRT Inicial,Meio Ambiente,2021,0
614,Nova Odessa,Campinas,RRT Inicial,Conforto Ambiental,2021,5
615,Nova Odessa,Campinas,RRT Inicial,Urbanismo e Desenho Urbano,2021,12
616,Nova Odessa,Campinas,RRT Inicial,Arquitetura das Edificações,2021,494
617,Paulínia,Campinas,RRT Inicial,Instalações e Equipamentos Referentes ao Urbanismo,2021,9
618,Paulínia,Campinas,RRT Inicial,Urbanismo e Desenho Urbano,2021,31
619,Paulínia,Campinas,RRT Inicial,Arquitetura das Edificações,2021,1240
620,Paulínia,Campinas,RRT Inicial,"Patrimônio Arquitetônico, Urbanístico e Paisagístico",2021,1
621,Paulínia,Campinas,RRT Inicial,Meio Ambiente,2021,2
622,Paulínia,Campinas,RRT Inicial,Conforto Ambiental,2021,11
623,Pedreira,Campinas,RRT Inicial,Urbanismo e Desenho Urbano,2021,22
624,Pedreira,Campinas,RRT Inicial,Arquitetura das Edificações,2021,144
625,Pedreira,Campinas,RRT Inicial,Conforto Ambiental,2021,4
626,Pedreira,Campinas,RRT Inicial,"Patrimônio Arquitetônico, Urbanístico e Paisagístico",2021,0
627,Pedreira,Campinas,RRT Inicial,Instalações e Equipamentos Referentes ao Urbanismo,2021,1
628,Pedreira,Campinas,RRT Inicial,Planejamento Urbano e Regional,2021,0
629,Santa Bárbara d'Oeste,Campinas,RRT Inicial,"Patrimônio Arquitetônico, Urbanístico e Paisagístico",2021,0
630,Santa Bárbara d'Oeste,Campinas,RRT Inicial,Urbanismo e Desenho Urbano,2021,21
631,Santa Bárbara d'Oeste,Campinas,RRT Inicial,Arquitetura das Edificações,2021,674
632,Santa Bárbara d'Oeste,Campinas,RRT Inicial,Conforto Ambiental,2021,21
633,Santa Bárbara d'Oeste,Campinas,RRT Inicial,Instalações e Equipamentos Referentes ao Urbanismo,2021,8
634,Santa Bárbara d'Oeste,Campinas,RRT Inicial,Meio Ambiente,2021,7
635,Santo Antônio de Posse,Campinas,RRT Inicial,Planejamento Urbano e Regional,2021,0
636,Santo Antônio de Posse,Campinas,RRT Inicial,Instalações e Equipamentos Referentes ao Urbanismo,2021,0
637,Santo Antônio de Posse,Campinas,RRT Inicial,Urbanismo e Desenho Urbano,2021,1
638,Santo Antônio de Posse,Campinas,RRT Inicial,Arquitetura das Edificações,2021,75
639,Santo Antônio de Posse,Campinas,RRT Inicial,Conforto Ambiental,2021,0
640,Sumaré,Campinas,RRT Inicial,Meio Ambiente,2021,1
641,Sumaré,Campinas,RRT Inicial,"Patrimônio Arquitetônico, Urbanístico e Paisagístico",2021,0
642,Sumaré,Campinas,RRT Inicial,Instalações e Equipamentos Referentes ao Urbanismo,2021,2
643,Sumaré,Campinas,RRT Inicial,Urbanismo e Desenho Urbano,2021,16
644,Sumaré,Campinas,RRT Inicial,Arquitetura das Edificações,2021,309
645,Sumaré,Campinas,RRT Inicial,Conforto Ambiental,2021,13
646,Sumaré,Campinas,RRT Inicial,Planejamento Urbano e Regional,2021,1
647,Valinhos,Campinas,RRT Inicial,Instalações e Equipamentos Referentes ao Urbanismo,2021,16
648,Valinhos,Campinas,RRT Inicial,Conforto Ambiental,2021,30
649,Valinhos,Campinas,RRT Inicial,Meio Ambiente,2021,1
650,Valinhos,Campinas,RRT Inicial,"Patrimônio Arquitetônico, Urbanístico e Paisagístico",2021,0
651,Valinhos,Campinas,RRT Inicial,Planejamento Urbano e Regional,2021,0
652,Valinhos,Campinas,RRT Inicial,Urbanismo e Desenho Urbano,2021,22
653,Valinhos,Campinas,RRT Inicial,Arquitetura das Edificações,2021,1032
654,Vinhedo,Campinas,RRT Inicial,Instalações e Equipamentos Referentes ao Urbanismo,2021,21
655,Vinhedo,Campinas,RRT Inicial,Conforto Ambiental,2021,16
656,Vinhedo,Campinas,RRT Inicial,Meio Ambiente,2021,1
657,Vinhedo,Campinas,RRT Inicial,"Patrimônio Arquitetônico, Urbanístico e Paisagístico",2021,0
658,Vinhedo,Campinas,RRT Inicial,Urbanismo e Desenho Urbano,2021,12
659,Vinhedo,Campinas,RRT Inicial,Arquitetura das Edificações,2021,908
660,Alambari,Sorocaba,RRT Inicial,Planejamento Urbano e Regional,2021,3
661,Alambari,Sorocaba,RRT Inicial,Instalações e Equipamentos Referentes ao Urbanismo,2021,1
662,Alambari,Sorocaba,RRT Inicial,Urbanismo e Desenho Urbano,2021,4
663,Alambari,Sorocaba,RRT Inicial,Arquitetura das Edificações,2021,20
664,Alumínio,Sorocaba,RRT Inicial,"Patrimônio Arquitetônico, Urbanístico e Paisagístico",2021,0
665,Alumínio,Sorocaba,RRT Inicial,Instalações e Equipamentos Referentes ao Urbanismo,2021,0
666,Alumínio,Sorocaba,RRT Inicial,Conforto Ambiental,2021,0
667,Alumínio,Sorocaba,RRT Inicial,Urbanismo e Desenho Urbano,2021,7
668,Alumínio,Sorocaba,RRT Inicial,Arquitetura das Edificações,2021,47
669,Araçariguama,Sorocaba,RRT Inicial,"Patrimônio Arquitetônico, Urbanístico e Paisagístico",2021,2
670,Araçariguama,Sorocaba,RRT Inicial,Instalações e Equipamentos Referentes ao Urbanismo,2021,40
671,Araçariguama,Sorocaba,RRT Inicial,Meio Ambiente,2021,1
672,Araçariguama,Sorocaba,RRT Inicial,Urbanismo e Desenho Urbano,2021,8
673,Araçariguama,Sorocaba,RRT Inicial,Arquitetura das Edificações,2021,188
674,Araçariguama,Sorocaba,RRT Inicial,Planejamento Urbano e Regional,2021,0
675,Araçariguama,Sorocaba,RRT Inicial,Conforto Ambiental,2021,2
676,Araçoiaba da Serra,Sorocaba,RRT Inicial,"Patrimônio Arquitetônico, Urbanístico e Paisagístico",2021,1
677,Araçoiaba da Serra,Sorocaba,RRT Inicial,Planejamento Urbano e Regional,2021,0
678,Araçoiaba da Serra,Sorocaba,RRT Inicial,Urbanismo e Desenho Urbano,2021,55
679,Araçoiaba da Serra,Sorocaba,RRT Inicial,Arquitetura das Edificações,2021,400
680,Araçoiaba da Serra,Sorocaba,RRT Inicial,Conforto Ambiental,2021,2
681,Araçoiaba da Serra,Sorocaba,RRT Inicial,Instalações e Equipamentos Referentes ao Urbanismo,2021,2
682,Araçoiaba da Serra,Sorocaba,RRT Inicial,Meio Ambiente,2021,0
683,Boituva,Sorocaba,RRT Inicial,Instalações e Equipamentos Referentes ao Urbanismo,2021,2
684,Boituva,Sorocaba,RRT Inicial,Conforto Ambiental,2021,1
685,Boituva,Sorocaba,RRT Inicial,Meio Ambiente,2021,1
686,Boituva,Sorocaba,RRT Inicial,"Patrimônio Arquitetônico, Urbanístico e Paisagístico",2021,0
687,Boituva,Sorocaba,RRT Inicial,Urbanismo e Desenho Urbano,2021,39
688,Boituva,Sorocaba,RRT Inicial,Arquitetura das Edificações,2021,709
689,Capela do Alto,Sorocaba,RRT Inicial,Urbanismo e Desenho Urbano,2021,5
690,Capela do Alto,Sorocaba,RRT Inicial,Arquitetura das Edificações,2021,63
691,Capela do Alto,Sorocaba,RRT Inicial,Planejamento Urbano e Regional,2021,0
692,Capela do Alto,Sorocaba,RRT Inicial,Instalações e Equipamentos Referentes ao Urbanismo,2021,0
693,Capela do Alto,Sorocaba,RRT Inicial,"Patrimônio Arquitetônico, Urbanístico e Paisagístico",2021,0
694,Cerquilho,Sorocaba,RRT Inicial,"Patrimônio Arquitetônico, Urbanístico e Paisagístico",2021,0
695,Cerquilho,Sorocaba,RRT Inicial,Planejamento Urbano e Regional,2021,1
696,Cerquilho,Sorocaba,RRT Inicial,Urbanismo e Desenho Urbano,2021,37
697,Cerquilho,Sorocaba,RRT Inicial,Arquitetura das Edificações,2021,369
698,Cerquilho,Sorocaba,RRT Inicial,Conforto Ambiental,2021,1
699,Cerquilho,Sorocaba,RRT Inicial,Instalações e Equipamentos Referentes ao Urbanismo,2021,1
700,Cerquilho,Sorocaba,RRT Inicial,Meio Ambiente,2021,0
701,Cesário Lange,Sorocaba,RRT Inicial,Urbanismo e Desenho Urbano,2021,7
702,Cesário Lange,Sorocaba,RRT Inicial,Arquitetura das Edificações,2021,110
703,Cesário Lange,Sorocaba,RRT Inicial,Conforto Ambiental,2021,0
704,Cesário Lange,Sorocaba,RRT Inicial,Instalações e Equipamentos Referentes ao Urbanismo,2021,6
705,Ibiúna,Sorocaba,RRT Inicial,"Patrimônio Arquitetônico, Urbanístico e Paisagístico",2021,0
706,Ibiúna,Sorocaba,RRT Inicial,Conforto Ambiental,2021,1
707,Ibiúna,Sorocaba,RRT Inicial,Urbanismo e Desenho Urbano,2021,10
708,Ibiúna,Sorocaba,RRT Inicial,Arquitetura das Edificações,2021,219
709,Ibiúna,Sorocaba,RRT Inicial,Instalações e Equipamentos Referentes ao Urbanismo,2021,1
710,Iperó,Sorocaba,RRT Inicial,Conforto Ambiental,2021,0
711,Iperó,Sorocaba,RRT Inicial,Urbanismo e Desenho Urbano,2021,26
712,Iperó,Sorocaba,RRT Inicial,Arquitetura das Edificações,2021,130
713,Iperó,Sorocaba,RRT Inicial,Instalações e Equipamentos Referentes ao Urbanismo,2021,0
714,Iperó,Sorocaba,RRT Inicial,"Patrimônio Arquitetônico, Urbanístico e Paisagístico",2021,0
715,Iperó,Sorocaba,RRT Inicial,Planejamento Urbano e Regional,2021,1
716,Itapetininga,Sorocaba,RRT Inicial,Instalações e Equipamentos Referentes ao Urbanismo,2021,4
717,Itapetininga,Sorocaba,RRT Inicial,"Patrimônio Arquitetônico, Urbanístico e Paisagístico",2021,2
718,Itapetininga,Sorocaba,RRT Inicial,Meio Ambiente,2021,1
719,Itapetininga,Sorocaba,RRT Inicial,Conforto Ambiental,2021,12
720,Itapetininga,Sorocaba,RRT Inicial,Urbanismo e Desenho Urbano,2021,38
721,Itapetininga,Sorocaba,RRT Inicial,Arquitetura das Edificações,2021,686
722,Itu,Sorocaba,RRT Inicial,"Patrimônio Arquitetônico, Urbanístico e Paisagístico",2021,6
723,Itu,Sorocaba,RRT Inicial,Instalações e Equipamentos Referentes ao Urbanismo,2021,17
724,Itu,Sorocaba,RRT Inicial,Meio Ambiente,2021,1
725,Itu,Sorocaba,RRT Inicial,Urbanismo e Desenho Urbano,2021,48
726,Itu,Sorocaba,RRT Inicial,Arquitetura das Edificações,2021,1742
727,Itu,Sorocaba,RRT Inicial,Planejamento Urbano e Regional,2021,0
728,Itu,Sorocaba,RRT Inicial,Conforto Ambiental,2021,13
729,Jumirim,Sorocaba,RRT Inicial,Instalações e Equipamentos Referentes ao Urbanismo,2021,0
730,Jumirim,Sorocaba,RRT Inicial,Conforto Ambiental,2021,0
731,Jumirim,Sorocaba,RRT Inicial,Urbanismo e Desenho Urbano,2021,3
732,Jumirim,Sorocaba,RRT Inicial,Arquitetura das Edificações,2021,15
733,Jumirim,Sorocaba,RRT Inicial,"Patrimônio Arquitetônico, Urbanístico e Paisagístico",2021,1
734,Mairinque,Sorocaba,RRT Inicial,"Patrimônio Arquitetônico, Urbanístico e Paisagístico",2021,2
735,Mairinque,Sorocaba,RRT Inicial,Instalações e Equipamentos Referentes ao Urbanismo,2021,27
736,Mairinque,Sorocaba,RRT Inicial,Meio Ambiente,2021,6
737,Mairinque,Sorocaba,RRT Inicial,Urbanismo e Desenho Urbano,2021,61
738,Mairinque,Sorocaba,RRT Inicial,Arquitetura das Edificações,2021,235
739,Mairinque,Sorocaba,RRT Inicial,Planejamento Urbano e Regional,2021,0
740,Mairinque,Sorocaba,RRT Inicial,Conforto Ambiental,2021,0
741,Piedade,Sorocaba,RRT Inicial,Urbanismo e Desenho Urbano,2021,13
742,Piedade,Sorocaba,RRT Inicial,Arquitetura das Edificações,2021,83
743,Piedade,Sorocaba,RRT Inicial,Meio Ambiente,2021,0
744,Piedade,Sorocaba,RRT Inicial,Conforto Ambiental,2021,1
745,Piedade,Sorocaba,RRT Inicial,"Patrimônio Arquitetônico, Urbanístico e Paisagístico",2021,0
746,Piedade,Sorocaba,RRT Inicial,Instalações e Equipamentos Referentes ao Urbanismo,2021,3
747,Pilar do Sul,Sorocaba,RRT Inicial,"Patrimônio Arquitetônico, Urbanístico e Paisagístico",2021,0
748,Pilar do Sul,Sorocaba,RRT Inicial,Meio Ambiente,2021,0
749,Pilar do Sul,Sorocaba,RRT Inicial,Planejamento Urbano e Regional,2021,0
750,Pilar do Sul,Sorocaba,RRT Inicial,Instalações e Equipamentos Referentes ao Urbanismo,2021,1
751,Pilar do Sul,Sorocaba,RRT Inicial,Conforto Ambiental,2021,0
752,Pilar do Sul,Sorocaba,RRT Inicial,Urbanismo e Desenho Urbano,2021,5
753,Pilar do Sul,Sorocaba,RRT Inicial,Arquitetura das Edificações,2021,52
754,Porto Feliz,Sorocaba,RRT Inicial,Urbanismo e Desenho Urbano,2021,30
755,Porto Feliz,Sorocaba,RRT Inicial,Arquitetura das Edificações,2021,861
756,Porto Feliz,Sorocaba,RRT Inicial,Meio Ambiente,2021,0
757,Porto Feliz,Sorocaba,RRT Inicial,Conforto Ambiental,2021,13
758,Porto Feliz,Sorocaba,RRT Inicial,"Patrimônio Arquitetônico, Urbanístico e Paisagístico",2021,2
759,Porto Feliz,Sorocaba,RRT Inicial,Instalações e Equipamentos Referentes ao Urbanismo,2021,2
760,Porto Feliz,Sorocaba,RRT Inicial,Planejamento Urbano e Regional,2021,0
761,Salto,Sorocaba,RRT Inicial,Urbanismo e Desenho Urbano,2021,56
762,Salto,Sorocaba,RRT Inicial,Arquitetura das Edificações,2021,1297
763,Salto,Sorocaba,RRT Inicial,Conforto Ambiental,2021,6
764,Salto,Sorocaba,RRT Inicial,Meio Ambiente,2021,0
765,Salto,Sorocaba,RRT Inicial,"Patrimônio Arquitetônico, Urbanístico e Paisagístico",2021,4
766,Salto,Sorocaba,RRT Inicial,Instalações e Equipamentos Referentes ao Urbanismo,2021,2
767,Salto de Pirapora,Sorocaba,RRT Inicial,"Patrimônio Arquitetônico, Urbanístico e Paisagístico",2021,0
768,Salto de Pirapora,Sorocaba,RRT Inicial,Instalações e Equipamentos Referentes ao Urbanismo,2021,4
769,Salto de Pirapora,Sorocaba,RRT Inicial,Urbanismo e Desenho Urbano,2021,8
770,Salto de Pirapora,Sorocaba,RRT Inicial,Arquitetura das Edificações,2021,251
771,Salto de Pirapora,Sorocaba,RRT Inicial,Conforto Ambiental,2021,0
772,São Miguel Arcanjo,Sorocaba,RRT Inicial,Conforto Ambiental,2021,0
773,São Miguel Arcanjo,Sorocaba,RRT Inicial,Meio Ambiente,2021,1
774,São Miguel Arcanjo,Sorocaba,RRT Inicial,Urbanismo e Desenho Urbano,2021,7
775,São Miguel Arcanjo,Sorocaba,RRT Inicial,Arquitetura das Edificações,2021,61
776,São Miguel Arcanjo,Sorocaba,RRT Inicial,Instalações e Equipamentos Referentes ao Urbanismo,2021,0
777,São Roque,Sorocaba,RRT Inicial,Instalações e Equipamentos Referentes ao Urbanismo,2021,8
778,São Roque,Sorocaba,RRT Inicial,Planejamento Urbano e Regional,2021,1
779,São Roque,Sorocaba,RRT Inicial,Conforto Ambiental,2021,6
780,São Roque,Sorocaba,RRT Inicial,Meio Ambiente,2021,21
781,São Roque,Sorocaba,RRT Inicial,Urbanismo e Desenho Urbano,2021,40
782,São Roque,Sorocaba,RRT Inicial,Arquitetura das Edificações,2021,392
783,São Roque,Sorocaba,RRT Inicial,"Patrimônio Arquitetônico, Urbanístico e Paisagístico",2021,1
784,Sarapuí,Sorocaba,RRT Inicial,Planejamento Urbano e Regional,2021,0
785,Sarapuí,Sorocaba,RRT Inicial,Urbanismo e Desenho Urbano,2021,59
786,Sarapuí,Sorocaba,RRT Inicial,Arquitetura das Edificações,2021,87
787,Sarapuí,Sorocaba,RRT Inicial,Instalações e Equipamentos Referentes ao Urbanismo,2021,0
788,Sorocaba,Sorocaba,RRT Inicial,Conforto Ambiental,2021,63
789,Sorocaba,Sorocaba,RRT Inicial,Meio Ambiente,2021,4
790,Sorocaba,Sorocaba,RRT Inicial,Urbanismo e Desenho Urbano,2021,65
791,Sorocaba,Sorocaba,RRT Inicial,Arquitetura das Edificações,2021,3727
792,Sorocaba,Sorocaba,RRT Inicial,Instalações e Equipamentos Referentes ao Urbanismo,2021,27
793,Sorocaba,Sorocaba,RRT Inicial,"Patrimônio Arquitetônico, Urbanístico e Paisagístico",2021,1
794,Sorocaba,Sorocaba,RRT Inicial,Planejamento Urbano e Regional,2021,2
795,Tapiraí,Sorocaba,RRT Inicial,Urbanismo e Desenho Urbano,2021,5
796,Tapiraí,Sorocaba,RRT Inicial,Arquitetura das Edificações,2021,9
797,Tapiraí,Sorocaba,RRT Inicial,Instalações e Equipamentos Referentes ao Urbanismo,2021,1
798,Tatuí,Sorocaba,RRT Inicial,Meio Ambiente,2021,3
799,Tatuí,Sorocaba,RRT Inicial,Conforto Ambiental,2021,5
800,Tatuí,Sorocaba,RRT Inicial,Urbanismo e Desenho Urbano,2021,22
801,Tatuí,Sorocaba,RRT Inicial,Arquitetura das Edificações,2021,562
802,Tatuí,Sorocaba,RRT Inicial,Planejamento Urbano e Regional,2021,0
803,Tatuí,Sorocaba,RRT Inicial,Instalações e Equipamentos Referentes ao Urbanismo,2021,2
804,Tatuí,Sorocaba,RRT Inicial,"Patrimônio Arquitetônico, Urbanístico e Paisagístico",2021,0
805,Tietê,Sorocaba,RRT Inicial,Urbanismo e Desenho Urbano,2021,16
806,Tietê,Sorocaba,RRT Inicial,Arquitetura das Edificações,2021,161
807,Tietê,Sorocaba,RRT Inicial,Meio Ambiente,2021,0
808,Tietê,Sorocaba,RRT Inicial,Conforto Ambiental,2021,0
809,Tietê,Sorocaba,RRT Inicial,"Patrimônio Arquitetônico, Urbanístico e Paisagístico",2021,0
810,Tietê,Sorocaba,RRT Inicial,Instalações e Equipamentos Referentes ao Urbanismo,2021,3
811,Tietê,Sorocaba,RRT Inicial,Planejamento Urbano e Regional,2021,1
812,Votorantim,Sorocaba,RRT Inicial,Conforto Ambiental,2021,15
813,Votorantim,Sorocaba,RRT Inicial,Meio Ambiente,2021,1
814,Votorantim,Sorocaba,RRT Inicial,Urbanismo e Desenho Urbano,2021,35
815,Votorantim,Sorocaba,RRT Inicial,Arquitetura das Edificações,2021,863
816,Votorantim,Sorocaba,RRT Inicial,Instalações e Equipamentos Referentes ao Urbanismo,2021,5
817,Votorantim,Sorocaba,RRT Inicial,Planejamento Urbano e Regional,2021,0
818,Diadema,ABC,RRT Social,,2021,1
819,Diadema,ABC,Empresa,,2021,15
820,Diadema,ABC,Profissional,,2021,198
821,Mauá,ABC,RRT Social,,2021,3
822,Mauá,ABC,Empresa,,2021,19
823,Mauá,ABC,Profissional,,2021,196
824,Ribeirão Pires,ABC,RRT Social,,2021,0
825,Ribeirão Pires,ABC,Empresa,,2021,14
826,Ribeirão Pires,ABC,Profissional,,2021,137
827,Rio Grande da Serra,ABC,RRT Social,,2021,1
828,Rio Grande da Serra,ABC,Empresa,,2021,1
829,Rio Grande da Serra,ABC,Profissional,,2021,17
830,Santo André,ABC,RRT Social,,2021,7
831,Santo André,ABC,Empresa,,2021,168
832,Santo André,ABC,Profissional,,2021,1273
833,São Bernardo do Campo,ABC,RRT Social,,2021,7
834,São Bernardo do Campo,ABC,Empresa,,2021,93
835,São Bernardo do Campo,ABC,Profissional,,2021,1140
836,São Caetano do Sul,ABC,RRT Social,,2021,2
837,São Caetano do Sul,ABC,Empresa,,2021,92
838,São Caetano do Sul,ABC,Profissional,,2021,546
839,Americana,Campinas,RRT Social,,2021,0
840,Americana,Campinas,Empresa,,2021,39
841,Americana,Campinas,Profissional,,2021,326
842,Artur Nogueira,Campinas,RRT Social,,2021,1
843,Artur Nogueira,Campinas,Empresa,,2021,6
844,Artur Nogueira,Campinas,Profissional,,2021,46
845,Campinas,Campinas,RRT Social,,2021,34
846,Campinas,Campinas,Empresa,,2021,256
847,Campinas,Campinas,Profissional,,2021,2013
848,Cosmópolis,Campinas,RRT Social,,2021,0
849,Cosmópolis,Campinas,Empresa,,2021,2
850,Cosmópolis,Campinas,Profissional,,2021,19
851,Engenheiro Coelho,Campinas,RRT Social,,2021,0
852,Engenheiro Coelho,Campinas,Empresa,,2021,2
853,Engenheiro Coelho,Campinas,Profissional,,2021,13
854,Holambra,Campinas,RRT Social,,2021,1
855,Holambra,Campinas,Empresa,,2021,3
856,Holambra,Campinas,Profissional,,2021,24
857,Hortolândia,Campinas,RRT Social,,2021,22
858,Hortolândia,Campinas,Empresa,,2021,10
859,Hortolândia,Campinas,Profissional,,2021,74
860,Indaiatuba,Campinas,RRT Social,,2021,2
861,Indaiatuba,Campinas,Empresa,,2021,47
862,Indaiatuba,Campinas,Profissional,,2021,433
863,Itatiba,Campinas,RRT Social,,2021,1
864,Itatiba,Campinas,Empresa,,2021,25
865,Itatiba,Campinas,Profissional,,2021,198
866,Jaguariúna,Campinas,RRT Social,,2021,14
867,Jaguariúna,Campinas,Empresa,,2021,3
868,Jaguariúna,Campinas,Profissional,,2021,41
869,Monte Mor,Campinas,RRT Social,,2021,1
870,Monte Mor,Campinas,Empresa,,2021,3
871,Monte Mor,Campinas,Profissional,,2021,22
872,Morungaba,Campinas,RRT Social,,2021,0
873,Morungaba,Campinas,Empresa,,2021,2
874,Morungaba,Campinas,Profissional,,2021,10
875,Nova Odessa,Campinas,RRT Social,,2021,0
876,Nova Odessa,Campinas,Empresa,,2021,0
877,Nova Odessa,Campinas,Profissional,,2021,19
878,Paulínia,Campinas,RRT Social,,2021,1
879,Paulínia,Campinas,Empresa,,2021,11
880,Paulínia,Campinas,Profissional,,2021,121
881,Pedreira,Campinas,RRT Social,,2021,0
882,Pedreira,Campinas,Empresa,,2021,1
883,Pedreira,Campinas,Profissional,,2021,37
884,Santa Bárbara d'Oeste,Campinas,RRT Social,,2021,3
885,Santa Bárbara d'Oeste,Campinas,Empresa,,2021,11
886,Santa Bárbara d'Oeste,Campinas,Profissional,,2021,134
887,Santo Antônio de Posse,Campinas,RRT Social,,2021,0
888,Santo Antônio de Posse,Campinas,Empresa,,2021,3
889,Santo Antônio de Posse,Campinas,Profissional,,2021,12
890,Sumaré,Campinas,RRT Social,,2021,0
891,Sumaré,Campinas,Empresa,,2021,8
892,Sumaré,Campinas,Profissional,,2021,83
893,Valinhos,Campinas,RRT Social,,2021,2
894,Valinhos,Campinas,Empresa,,2021,26
895,Valinhos,Campinas,Profissional,,2021,237
896,Vinhedo,Campinas,RRT Social,,2021,0
897,Vinhedo,Campinas,Empresa,,2021,16
898,Vinhedo,Campinas,Profissional,,2021,198
899,Alambari,Sorocaba,RRT Social,,2021,0
900,Alambari,Sorocaba,Empresa,,2021,2
901,Alambari,Sorocaba,Profissional,,2021,2
902,Alumínio,Sorocaba,RRT Social,,2021,0
903,Alumínio,Sorocaba,Empresa,,2021,0
904,Alumínio,Sorocaba,Profissional,,2021,7
905,Araçariguama,Sorocaba,RRT Social,,2021,0
906,Araçariguama,Sorocaba,Empresa,,2021,4
907,Araçariguama,Sorocaba,Profissional,,2021,9
908,Araçoiaba da Serra,Sorocaba,RRT Social,,2021,0
909,Araçoiaba da Serra,Sorocaba,Empresa,,2021,1
910,Araçoiaba da Serra,Sorocaba,Profissional,,2021,34
911,Boituva,Sorocaba,RRT Social,,2021,5
912,Boituva,Sorocaba,Empresa,,2021,8
913,Boituva,Sorocaba,Profissional,,2021,64
914,Capela do Alto,Sorocaba,RRT Social,,2021,0
915,Capela do Alto,Sorocaba,Empresa,,2021,1
916,Capela do Alto,Sorocaba,Profissional,,2021,8
917,Cerquilho,Sorocaba,RRT Social,,2021,1
918,Cerquilho,Sorocaba,Empresa,,2021,5
919,Cerquilho,Sorocaba,Profissional,,2021,44
920,Cesário Lange,Sorocaba,RRT Social,,2021,1
921,Cesário Lange,Sorocaba,Empresa,,2021,0
922,Cesário Lange,Sorocaba,Profissional,,2021,5
923,Ibiúna,Sorocaba,RRT Social,,2021,0
924,Ibiúna,Sorocaba,Empresa,,2021,1
925,Ibiúna,Sorocaba,Profissional,,2021,30
926,Iperó,Sorocaba,RRT Social,,2021,0
927,Iperó,Sorocaba,Empresa,,2021,2
928,Iperó,Sorocaba,Profissional,,2021,6
929,Itapetininga,Sorocaba,RRT Social,,2021,1
930,Itapetininga,Sorocaba,Empresa,,2021,15
931,Itapetininga,Sorocaba,Profissional,,2021,86
932,Itu,Sorocaba,RRT Social,,2021,3
933,Itu,Sorocaba,Empresa,,2021,37
934,Itu,Sorocaba,Profissional,,2021,246
935,Jumirim,Sorocaba,RRT Social,,2021,0
936,Jumirim,Sorocaba,Empresa,,2021,2
937,Jumirim,Sorocaba,Profissional,,2021,1
938,Mairinque,Sorocaba,RRT Social,,2021,0
939,Mairinque,Sorocaba,Empresa,,2021,1
940,Mairinque,Sorocaba,Profissional,,2021,21
941,Piedade,Sorocaba,RRT Social,,2021,0
942,Piedade,Sorocaba,Empresa,,2021,1
943,Piedade,Sorocaba,Profissional,,2021,26
944,Pilar do Sul,Sorocaba,RRT Social,,2021,0
945,Pilar do Sul,Sorocaba,Empresa,,2021,2
946,Pilar do Sul,Sorocaba,Profissional,,2021,18
947,Porto Feliz,Sorocaba,RRT Social,,2021,10
948,Porto Feliz,Sorocaba,Empresa,,2021,8
949,Porto Feliz,Sorocaba,Profissional,,2021,62
950,Salto,Sorocaba,RRT Social,,2021,0
951,Salto,Sorocaba,Empresa,,2021,16
952,Salto,Sorocaba,Profissional,,2021,170
953,Salto de Pirapora,Sorocaba,RRT Social,,2021,1
954,Salto de Pirapora,Sorocaba,Empresa,,2021,0
955,Salto de Pirapora,Sorocaba,Profissional,,2021,18
956,São Miguel Arcanjo,Sorocaba,RRT Social,,2021,2
957,São Miguel Arcanjo,Sorocaba,Empresa,,2021,2
958,São Miguel Arcanjo,Sorocaba,Profissional,,2021,12
959,São Roque,Sorocaba,RRT Social,,2021,1
960,São Roque,Sorocaba,Empresa,,2021,15
961,São Roque,Sorocaba,Profissional,,2021,97
962,Sarapuí,Sorocaba,RRT Social,,2021,0
963,Sarapuí,Sorocaba,Empresa,,2021,0
964,Sarapuí,Sorocaba,Profissional,,2021,7
965,Sorocaba,Sorocaba,RRT Social,,2021,8
966,Sorocaba,Sorocaba,Empresa,,2021,122
967,Sorocaba,Sorocaba,Profissional,,2021,992
968,Tapiraí,Sorocaba,RRT Social,,2021,0
969,Tapiraí,Sorocaba,Empresa,,2021,0
970,Tapiraí,Sorocaba,Profissional,,2021,4
971,Tatuí,Sorocaba,RRT Social,,2021,2
972,Tatuí,Sorocaba,Empresa,,2021,8
973,Tatuí,Sorocaba,Profissional,,2021,75
974,Tietê,Sorocaba,RRT Social,,2021,2
975,Tietê,Sorocaba,Empresa,,2021,3
976,Tietê,Sorocaba,Profissional,,2021,52
977,Votorantim,Sorocaba,RRT Social,,2021,1
978,Votorantim,Sorocaba,Empresa,,2021,11
979,Votorantim,Sorocaba,Profissional,,2021,94
980,Diadema,ABC,RRT Inicial,Meio Ambiente,2022,20
981,Diadema,ABC,RRT Inicial,Conforto Ambiental,2022,24
982,Diadema,ABC,RRT Inicial,Urbanismo e Desenho Urbano,2022,43
983,Diadema,ABC,RRT Inicial,Arquitetura das Edificações,2022,492
984,Diadema,ABC,RRT Inicial,Planejamento Urbano e Regional,2022,1
985,Diadema,ABC,RRT Inicial,Instalações e Equipamentos Referentes ao Urbanismo,2022,28
986,Diadema,ABC,RRT Inicial,"Patrimônio Arquitetônico, Urbanístico e Paisagístico",2022,3
987,Mauá,ABC,RRT Inicial,Meio Ambiente,2022,3
988,Mauá,ABC,RRT Inicial,Conforto Ambiental,2022,17
989,Mauá,ABC,RRT Inicial,Urbanismo e Desenho Urbano,2022,10
990,Mauá,ABC,RRT Inicial,Arquitetura das Edificações,2022,609
991,Mauá,ABC,RRT Inicial,Planejamento Urbano e Regional,2022,1
992,Mauá,ABC,RRT Inicial,Instalações e Equipamentos Referentes ao Urbanismo,2022,54
993,Mauá,ABC,RRT Inicial,"Patrimônio Arquitetônico, Urbanístico e Paisagístico",2022,0
994,Ribeirão Pires,ABC,RRT Inicial,Conforto Ambiental,2022,0
995,Ribeirão Pires,ABC,RRT Inicial,"Patrimônio Arquitetônico, Urbanístico e Paisagístico",2022,0
996,Ribeirão Pires,ABC,RRT Inicial,Urbanismo e Desenho Urbano,2022,57
997,Ribeirão Pires,ABC,RRT Inicial,Arquitetura das Edificações,2022,346
998,Ribeirão Pires,ABC,RRT Inicial,Meio Ambiente,2022,3
999,Ribeirão Pires,ABC,RRT Inicial,Instalações e Equipamentos Referentes ao Urbanismo,2022,10
1000,Rio Grande da Serra,ABC,RRT Inicial,"Patrimônio Arquitetônico, Urbanístico e Paisagístico",2022,0
1001,Rio Grande da Serra,ABC,RRT Inicial,Conforto Ambiental,2022,0
1002,Rio Grande da Serra,ABC,RRT Inicial,Arquitetura das Edificações,2022,28
1003,Rio Grande da Serra,ABC,RRT Inicial,Urbanismo e Desenho Urbano,2022,15
1004,Rio Grande da Serra,ABC,RRT Inicial,Instalações e Equipamentos Referentes ao Urbanismo,2022,10
1005,Santo André,ABC,RRT Inicial,Planejamento Urbano e Regional,2022,4
1006,Santo André,ABC,RRT Inicial,Instalações e Equipamentos Referentes ao Urbanismo,2022,73
1007,Santo André,ABC,RRT Inicial,Urbanismo e Desenho Urbano,2022,73
1008,Santo André,ABC,RRT Inicial,Arquitetura das Edificações,2022,3041
1009,Santo André,ABC,RRT Inicial,"Patrimônio Arquitetônico, Urbanístico e Paisagístico",2022,9
1010,Santo André,ABC,RRT Inicial,Conforto Ambiental,2022,94
1011,Santo André,ABC,RRT Inicial,Meio Ambiente,2022,46
1012,São Bernardo do Campo,ABC,RRT Inicial,Urbanismo e Desenho Urbano,2022,103
1013,São Bernardo do Campo,ABC,RRT Inicial,Arquitetura das Edificações,2022,2314
1014,São Bernardo do Campo,ABC,RRT Inicial,Conforto Ambiental,2022,160
1015,São Bernardo do Campo,ABC,RRT Inicial,Meio Ambiente,2022,37
1016,São Bernardo do Campo,ABC,RRT Inicial,Planejamento Urbano e Regional,2022,2
1017,São Bernardo do Campo,ABC,RRT Inicial,"Patrimônio Arquitetônico, Urbanístico e Paisagístico",2022,4
1018,São Bernardo do Campo,ABC,RRT Inicial,Instalações e Equipamentos Referentes ao Urbanismo,2022,24
1019,São Caetano do Sul,ABC,RRT Inicial,"Patrimônio Arquitetônico, Urbanístico e Paisagístico",2022,0
1020,São Caetano do Sul,ABC,RRT Inicial,Instalações e Equipamentos Referentes ao Urbanismo,2022,2
1021,São Caetano do Sul,ABC,RRT Inicial,Meio Ambiente,2022,1
1022,São Caetano do Sul,ABC,RRT Inicial,Urbanismo e Desenho Urbano,2022,23
1023,São Caetano do Sul,ABC,RRT Inicial,Arquitetura das Edificações,2022,1130
1024,São Caetano do Sul,ABC,RRT Inicial,Planejamento Urbano e Regional,2022,2
1025,São Caetano do Sul,ABC,RRT Inicial,Conforto Ambiental,2022,44
1026,Americana,Campinas,RRT Inicial,"Patrimônio Arquitetônico, Urbanístico e Paisagístico",2022,7
1027,Americana,Campinas,RRT Inicial,Instalações e Equipamentos Referentes ao Urbanismo,2022,11
1028,Americana,Campinas,RRT Inicial,Meio Ambiente,2022,6
1029,Americana,Campinas,RRT Inicial,Urbanismo e Desenho Urbano,2022,84
1030,Americana,Campinas,RRT Inicial,Arquitetura das Edificações,2022,1308
1031,Americana,Campinas,RRT Inicial,Planejamento Urbano e Regional,2022,1
1032,Americana,Campinas,RRT Inicial,Conforto Ambiental,2022,16
1033,Artur Nogueira,Campinas,RRT Inicial,"Patrimônio Arquitetônico, Urbanístico e Paisagístico",2022,0
1034,Artur Nogueira,Campinas,RRT Inicial,Conforto Ambiental,2022,1
1035,Artur Nogueira,Campinas,RRT Inicial,Urbanismo e Desenho Urbano,2022,12
1036,Artur Nogueira,Campinas,RRT Inicial,Arquitetura das Edificações,2022,231
1037,Artur Nogueira,Campinas,RRT Inicial,Instalações e Equipamentos Referentes ao Urbanismo,2022,0
1038,Artur Nogueira,Campinas,RRT Inicial,Planejamento Urbano e Regional,2022,0
1039,Artur Nogueira,Campinas,RRT Inicial,Meio Ambiente,2022,0
1040,Campinas,Campinas,RRT Inicial,"Patrimônio Arquitetônico, Urbanístico e Paisagístico",2022,9
1041,Campinas,Campinas,RRT Inicial,Meio Ambiente,2022,57
1042,Campinas,Campinas,RRT Inicial,Planejamento Urbano e Regional,2022,12
1043,Campinas,Campinas,RRT Inicial,Instalações e Equipamentos Referentes ao Urbanismo,2022,79
1044,Campinas,Campinas,RRT Inicial,Conforto Ambiental,2022,199
1045,Campinas,Campinas,RRT Inicial,Urbanismo e Desenho Urbano,2022,149
1046,Campinas,Campinas,RRT Inicial,Arquitetura das Edificações,2022,4495
1047,Cosmópolis,Campinas,RRT Inicial,Conforto Ambiental,2022,0
1048,Cosmópolis,Campinas,RRT Inicial,Urbanismo e Desenho Urbano,2022,7
1049,Cosmópolis,Campinas,RRT Inicial,Arquitetura das Edificações,2022,60
1050,Cosmópolis,Campinas,RRT Inicial,Planejamento Urbano e Regional,2022,0
1051,Cosmópolis,Campinas,RRT Inicial,Instalações e Equipamentos Referentes ao Urbanismo,2022,1
1052,Engenheiro Coelho,Campinas,RRT Inicial,Conforto Ambiental,2022,0
1053,Engenheiro Coelho,Campinas,RRT Inicial,Planejamento Urbano e Regional,2022,0
1054,Engenheiro Coelho,Campinas,RRT Inicial,"Patrimônio Arquitetônico, Urbanístico e Paisagístico",2022,0
1055,Engenheiro Coelho,Campinas,RRT Inicial,Urbanismo e Desenho Urbano,2022,14
1056,Engenheiro Coelho,Campinas,RRT Inicial,Arquitetura das Edificações,2022,93
1057,Engenheiro Coelho,Campinas,RRT Inicial,Meio Ambiente,2022,0
1058,Engenheiro Coelho,Campinas,RRT Inicial,Instalações e Equipamentos Referentes ao Urbanismo,2022,0
1059,Holambra,Campinas,RRT Inicial,Meio Ambiente,2022,0
1060,Holambra,Campinas,RRT Inicial,Instalações e Equipamentos Referentes ao Urbanismo,2022,1
1061,Holambra,Campinas,RRT Inicial,Urbanismo e Desenho Urbano,2022,12
1062,Holambra,Campinas,RRT Inicial,Arquitetura das Edificações,2022,433
1063,Holambra,Campinas,RRT Inicial,Conforto Ambiental,2022,6
1064,Holambra,Campinas,RRT Inicial,Planejamento Urbano e Regional,2022,0
1065,Hortolândia,Campinas,RRT Inicial,Conforto Ambiental,2022,9
1066,Hortolândia,Campinas,RRT Inicial,Planejamento Urbano e Regional,2022,0
1067,Hortolândia,Campinas,RRT Inicial,Urbanismo e Desenho Urbano,2022,30
1068,Hortolândia,Campinas,RRT Inicial,Arquitetura das Edificações,2022,867
1069,Hortolândia,Campinas,RRT Inicial,Meio Ambiente,2022,1
1070,Hortolândia,Campinas,RRT Inicial,Instalações e Equipamentos Referentes ao Urbanismo,2022,6
1071,Indaiatuba,Campinas,RRT Inicial,Instalações e Equipamentos Referentes ao Urbanismo,2022,6
1072,Indaiatuba,Campinas,RRT Inicial,Conforto Ambiental,2022,63
1073,Indaiatuba,Campinas,RRT Inicial,Meio Ambiente,2022,7
1074,Indaiatuba,Campinas,RRT Inicial,"Patrimônio Arquitetônico, Urbanístico e Paisagístico",2022,2
1075,Indaiatuba,Campinas,RRT Inicial,Urbanismo e Desenho Urbano,2022,50
1076,Indaiatuba,Campinas,RRT Inicial,Arquitetura das Edificações,2022,2431
1077,Itatiba,Campinas,RRT Inicial,Urbanismo e Desenho Urbano,2022,41
1078,Itatiba,Campinas,RRT Inicial,Arquitetura das Edificações,2022,975
1079,Itatiba,Campinas,RRT Inicial,Planejamento Urbano e Regional,2022,0
1080,Itatiba,Campinas,RRT Inicial,Meio Ambiente,2022,21
1081,Itatiba,Campinas,RRT Inicial,Conforto Ambiental,2022,8
1082,Itatiba,Campinas,RRT Inicial,Instalações e Equipamentos Referentes ao Urbanismo,2022,6
1083,Itatiba,Campinas,RRT Inicial,"Patrimônio Arquitetônico, Urbanístico e Paisagístico",2022,1
1084,Jaguariúna,Campinas,RRT Inicial,Planejamento Urbano e Regional,2022,1
1085,Jaguariúna,Campinas,RRT Inicial,Instalações e Equipamentos Referentes ao Urbanismo,2022,5
1086,Jaguariúna,Campinas,RRT Inicial,Urbanismo e Desenho Urbano,2022,30
1087,Jaguariúna,Campinas,RRT Inicial,Arquitetura das Edificações,2022,392
1088,Jaguariúna,Campinas,RRT Inicial,"Patrimônio Arquitetônico, Urbanístico e Paisagístico",2022,2
1089,Jaguariúna,Campinas,RRT Inicial,Conforto Ambiental,2022,2
1090,Jaguariúna,Campinas,RRT Inicial,Meio Ambiente,2022,6
1091,Monte Mor,Campinas,RRT Inicial,Conforto Ambiental,2022,3
1092,Monte Mor,Campinas,RRT Inicial,Urbanismo e Desenho Urbano,2022,6
1093,Monte Mor,Campinas,RRT Inicial,Arquitetura das Edificações,2022,208
1094,Monte Mor,Campinas,RRT Inicial,Instalações e Equipamentos Referentes ao Urbanismo,2022,1
1095,Monte Mor,Campinas,RRT Inicial,Planejamento Urbano e Regional,2022,1
1096,Morungaba,Campinas,RRT Inicial,Instalações e Equipamentos Referentes ao Urbanismo,2022,0
1097,Morungaba,Campinas,RRT Inicial,Conforto Ambiental,2022,6
1098,Morungaba,Campinas,RRT Inicial,Urbanismo e Desenho Urbano,2022,5
1099,Morungaba,Campinas,RRT Inicial,Arquitetura das Edificações,2022,31
1100,Nova Odessa,Campinas,RRT Inicial,Planejamento Urbano e Regional,2022,1
1101,Nova Odessa,Campinas,RRT Inicial,Instalações e Equipamentos Referentes ao Urbanismo,2022,0
1102,Nova Odessa,Campinas,RRT Inicial,"Patrimônio Arquitetônico, Urbanístico e Paisagístico",2022,0
1103,Nova Odessa,Campinas,RRT Inicial,Meio Ambiente,2022,1
1104,Nova Odessa,Campinas,RRT Inicial,Conforto Ambiental,2022,4
1105,Nova Odessa,Campinas,RRT Inicial,Urbanismo e Desenho Urbano,2022,11
1106,Nova Odessa,Campinas,RRT Inicial,Arquitetura das Edificações,2022,443
1107,Paulínia,Campinas,RRT Inicial,Instalações e Equipamentos Referentes ao Urbanismo,2022,14
1108,Paulínia,Campinas,RRT Inicial,Urbanismo e Desenho Urbano,2022,11
1109,Paulínia,Campinas,RRT Inicial,Arquitetura das Edificações,2022,847
1110,Paulínia,Campinas,RRT Inicial,"Patrimônio Arquitetônico, Urbanístico e Paisagístico",2022,0
1111,Paulínia,Campinas,RRT Inicial,Meio Ambiente,2022,3
1112,Paulínia,Campinas,RRT Inicial,Conforto Ambiental,2022,5
1113,Pedreira,Campinas,RRT Inicial,Urbanismo e Desenho Urbano,2022,9
1114,Pedreira,Campinas,RRT Inicial,Arquitetura das Edificações,2022,131
1115,Pedreira,Campinas,RRT Inicial,Conforto Ambiental,2022,3
1116,Pedreira,Campinas,RRT Inicial,"Patrimônio Arquitetônico, Urbanístico e Paisagístico",2022,1
1117,Pedreira,Campinas,RRT Inicial,Instalações e Equipamentos Referentes ao Urbanismo,2022,2
1118,Pedreira,Campinas,RRT Inicial,Planejamento Urbano e Regional,2022,1
1119,Santa Bárbara d'Oeste,Campinas,RRT Inicial,"Patrimônio Arquitetônico, Urbanístico e Paisagístico",2022,0
1120,Santa Bárbara d'Oeste,Campinas,RRT Inicial,Urbanismo e Desenho Urbano,2022,28
1121,Santa Bárbara d'Oeste,Campinas,RRT Inicial,Arquitetura das Edificações,2022,544
1122,Santa Bárbara d'Oeste,Campinas,RRT Inicial,Conforto Ambiental,2022,9
1123,Santa Bárbara d'Oeste,Campinas,RRT Inicial,Instalações e Equipamentos Referentes ao Urbanismo,2022,3
1124,Santa Bárbara d'Oeste,Campinas,RRT Inicial,Meio Ambiente,2022,7
1125,Santo Antônio de Posse,Campinas,RRT Inicial,Planejamento Urbano e Regional,2022,0
1126,Santo Antônio de Posse,Campinas,RRT Inicial,Instalações e Equipamentos Referentes ao Urbanismo,2022,1
1127,Santo Antônio de Posse,Campinas,RRT Inicial,Urbanismo e Desenho Urbano,2022,3
1128,Santo Antônio de Posse,Campinas,RRT Inicial,Arquitetura das Edificações,2022,53
1129,Santo Antônio de Posse,Campinas,RRT Inicial,Conforto Ambiental,2022,0
1130,Sumaré,Campinas,RRT Inicial,Meio Ambiente,2022,1
1131,Sumaré,Campinas,RRT Inicial,"Patrimônio Arquitetônico, Urbanístico e Paisagístico",2022,0
1132,Sumaré,Campinas,RRT Inicial,Instalações e Equipamentos Referentes ao Urbanismo,2022,8
1133,Sumaré,Campinas,RRT Inicial,Urbanismo e Desenho Urbano,2022,16
1134,Sumaré,Campinas,RRT Inicial,Arquitetura das Edificações,2022,279
1135,Sumaré,Campinas,RRT Inicial,Conforto Ambiental,2022,11
1136,Sumaré,Campinas,RRT Inicial,Planejamento Urbano e Regional,2022,0
1137,Valinhos,Campinas,RRT Inicial,Instalações e Equipamentos Referentes ao Urbanismo,2022,7
1138,Valinhos,Campinas,RRT Inicial,Conforto Ambiental,2022,24
1139,Valinhos,Campinas,RRT Inicial,Meio Ambiente,2022,2
1140,Valinhos,Campinas,RRT Inicial,"Patrimônio Arquitetônico, Urbanístico e Paisagístico",2022,0
1141,Valinhos,Campinas,RRT Inicial,Planejamento Urbano e Regional,2022,0
1142,Valinhos,Campinas,RRT Inicial,Urbanismo e Desenho Urbano,2022,24
1143,Valinhos,Campinas,RRT Inicial,Arquitetura das Edificações,2022,872
1144,Vinhedo,Campinas,RRT Inicial,Instalações e Equipamentos Referentes ao Urbanismo,2022,12
1145,Vinhedo,Campinas,RRT Inicial,Conforto Ambiental,2022,10
1146,Vinhedo,Campinas,RRT Inicial,Meio Ambiente,2022,0
1147,Vinhedo,Campinas,RRT Inicial,"Patrimônio Arquitetônico, Urbanístico e Paisagístico",2022,0
1148,Vinhedo,Campinas,RRT Inicial,Urbanismo e Desenho Urbano,2022,12
1149,Vinhedo,Campinas,RRT Inicial,Arquitetura das Edificações,2022,640
1150,Alambari,Sorocaba,RRT Inicial,Planejamento Urbano e Regional,2022,0
1151,Alambari,Sorocaba,RRT Inicial,Instalações e Equipamentos Referentes ao Urbanismo,2022,0
1152,Alambari,Sorocaba,RRT Inicial,Urbanismo e Desenho Urbano,2022,7
1153,Alambari,Sorocaba,RRT Inicial,Arquitetura das Edificações,2022,11
1154,Alumínio,Sorocaba,RRT Inicial,"Patrimônio Arquitetônico, Urbanístico e Paisagístico",2022,0
1155,Alumínio,Sorocaba,RRT Inicial,Instalações e Equipamentos Referentes ao Urbanismo,2022,0
1156,Alumínio,Sorocaba,RRT Inicial,Conforto Ambiental,2022,1
1157,Alumínio,Sorocaba,RRT Inicial,Urbanismo e Desenho Urbano,2022,5
1158,Alumínio,Sorocaba,RRT Inicial,Arquitetura das Edificações,2022,42
1159,Araçariguama,Sorocaba,RRT Inicial,"Patrimônio Arquitetônico, Urbanístico e Paisagístico",2022,1
1160,Araçariguama,Sorocaba,RRT Inicial,Instalações e Equipamentos Referentes ao Urbanismo,2022,8
1161,Araçariguama,Sorocaba,RRT Inicial,Meio Ambiente,2022,0
1162,Araçariguama,Sorocaba,RRT Inicial,Urbanismo e Desenho Urbano,2022,9
1163,Araçariguama,Sorocaba,RRT Inicial,Arquitetura das Edificações,2022,93
1164,Araçariguama,Sorocaba,RRT Inicial,Planejamento Urbano e Regional,2022,0
1165,Araçariguama,Sorocaba,RRT Inicial,Conforto Ambiental,2022,0
1166,Araçoiaba da Serra,Sorocaba,RRT Inicial,"Patrimônio Arquitetônico, Urbanístico e Paisagístico",2022,5
1167,Araçoiaba da Serra,Sorocaba,RRT Inicial,Planejamento Urbano e Regional,2022,0
1168,Araçoiaba da Serra,Sorocaba,RRT Inicial,Urbanismo e Desenho Urbano,2022,42
1169,Araçoiaba da Serra,Sorocaba,RRT Inicial,Arquitetura das Edificações,2022,340
1170,Araçoiaba da Serra,Sorocaba,RRT Inicial,Conforto Ambiental,2022,3
1171,Araçoiaba da Serra,Sorocaba,RRT Inicial,Instalações e Equipamentos Referentes ao Urbanismo,2022,3
1172,Araçoiaba da Serra,Sorocaba,RRT Inicial,Meio Ambiente,2022,0
1173,Boituva,Sorocaba,RRT Inicial,Instalações e Equipamentos Referentes ao Urbanismo,2022,2
1174,Boituva,Sorocaba,RRT Inicial,Conforto Ambiental,2022,1
1175,Boituva,Sorocaba,RRT Inicial,Meio Ambiente,2022,5
1176,Boituva,Sorocaba,RRT Inicial,"Patrimônio Arquitetônico, Urbanístico e Paisagístico",2022,1
1177,Boituva,Sorocaba,RRT Inicial,Urbanismo e Desenho Urbano,2022,46
1178,Boituva,Sorocaba,RRT Inicial,Arquitetura das Edificações,2022,635
1179,Capela do Alto,Sorocaba,RRT Inicial,Urbanismo e Desenho Urbano,2022,8
1180,Capela do Alto,Sorocaba,RRT Inicial,Arquitetura das Edificações,2022,49
1181,Capela do Alto,Sorocaba,RRT Inicial,Planejamento Urbano e Regional,2022,0
1182,Capela do Alto,Sorocaba,RRT Inicial,Instalações e Equipamentos Referentes ao Urbanismo,2022,1
1183,Capela do Alto,Sorocaba,RRT Inicial,"Patrimônio Arquitetônico, Urbanístico e Paisagístico",2022,0
1184,Cerquilho,Sorocaba,RRT Inicial,"Patrimônio Arquitetônico, Urbanístico e Paisagístico",2022,0
1185,Cerquilho,Sorocaba,RRT Inicial,Planejamento Urbano e Regional,2022,1
1186,Cerquilho,Sorocaba,RRT Inicial,Urbanismo e Desenho Urbano,2022,27
1187,Cerquilho,Sorocaba,RRT Inicial,Arquitetura das Edificações,2022,296
1188,Cerquilho,Sorocaba,RRT Inicial,Conforto Ambiental,2022,0
1189,Cerquilho,Sorocaba,RRT Inicial,Instalações e Equipamentos Referentes ao Urbanismo,2022,2
1190,Cerquilho,Sorocaba,RRT Inicial,Meio Ambiente,2022,1
1191,Cesário Lange,Sorocaba,RRT Inicial,Urbanismo e Desenho Urbano,2022,10
1192,Cesário Lange,Sorocaba,RRT Inicial,Arquitetura das Edificações,2022,108
1193,Cesário Lange,Sorocaba,RRT Inicial,Conforto Ambiental,2022,0
1194,Cesário Lange,Sorocaba,RRT Inicial,Instalações e Equipamentos Referentes ao Urbanismo,2022,3
1195,Ibiúna,Sorocaba,RRT Inicial,"Patrimônio Arquitetônico, Urbanístico e Paisagístico",2022,3
1196,Ibiúna,Sorocaba,RRT Inicial,Conforto Ambiental,2022,0
1197,Ibiúna,Sorocaba,RRT Inicial,Urbanismo e Desenho Urbano,2022,12
1198,Ibiúna,Sorocaba,RRT Inicial,Arquitetura das Edificações,2022,198
1199,Ibiúna,Sorocaba,RRT Inicial,Instalações e Equipamentos Referentes ao Urbanismo,2022,1
1200,Iperó,Sorocaba,RRT Inicial,Conforto Ambiental,2022,1
1201,Iperó,Sorocaba,RRT Inicial,Urbanismo e Desenho Urbano,2022,40
1202,Iperó,Sorocaba,RRT Inicial,Arquitetura das Edificações,2022,113
1203,Iperó,Sorocaba,RRT Inicial,Instalações e Equipamentos Referentes ao Urbanismo,2022,0
1204,Iperó,Sorocaba,RRT Inicial,"Patrimônio Arquitetônico, Urbanístico e Paisagístico",2022,0
1205,Iperó,Sorocaba,RRT Inicial,Planejamento Urbano e Regional,2022,0
1206,Itapetininga,Sorocaba,RRT Inicial,Instalações e Equipamentos Referentes ao Urbanismo,2022,7
1207,Itapetininga,Sorocaba,RRT Inicial,"Patrimônio Arquitetônico, Urbanístico e Paisagístico",2022,1
1208,Itapetininga,Sorocaba,RRT Inicial,Meio Ambiente,2022,2
1209,Itapetininga,Sorocaba,RRT Inicial,Conforto Ambiental,2022,4
1210,Itapetininga,Sorocaba,RRT Inicial,Urbanismo e Desenho Urbano,2022,27
1211,Itapetininga,Sorocaba,RRT Inicial,Arquitetura das Edificações,2022,491
1212,Itu,Sorocaba,RRT Inicial,"Patrimônio Arquitetônico, Urbanístico e Paisagístico",2022,8
1213,Itu,Sorocaba,RRT Inicial,Instalações e Equipamentos Referentes ao Urbanismo,2022,21
1214,Itu,Sorocaba,RRT Inicial,Meio Ambiente,2022,2
1215,Itu,Sorocaba,RRT Inicial,Urbanismo e Desenho Urbano,2022,70
1216,Itu,Sorocaba,RRT Inicial,Arquitetura das Edificações,2022,1319
1217,Itu,Sorocaba,RRT Inicial,Planejamento Urbano e Regional,2022,5
1218,Itu,Sorocaba,RRT Inicial,Conforto Ambiental,2022,17
1219,Jumirim,Sorocaba,RRT Inicial,Instalações e Equipamentos Referentes ao Urbanismo,2022,0
1220,Jumirim,Sorocaba,RRT Inicial,Conforto Ambiental,2022,0
1221,Jumirim,Sorocaba,RRT Inicial,Urbanismo e Desenho Urbano,2022,4
1222,Jumirim,Sorocaba,RRT Inicial,Arquitetura das Edificações,2022,15
1223,Jumirim,Sorocaba,RRT Inicial,"Patrimônio Arquitetônico, Urbanístico e Paisagístico",2022,0
1224,Mairinque,Sorocaba,RRT Inicial,"Patrimônio Arquitetônico, Urbanístico e Paisagístico",2022,0
1225,Mairinque,Sorocaba,RRT Inicial,Instalações e Equipamentos Referentes ao Urbanismo,2022,10
1226,Mairinque,Sorocaba,RRT Inicial,Meio Ambiente,2022,8
1227,Mairinque,Sorocaba,RRT Inicial,Urbanismo e Desenho Urbano,2022,51
1228,Mairinque,Sorocaba,RRT Inicial,Arquitetura das Edificações,2022,180
1229,Mairinque,Sorocaba,RRT Inicial,Planejamento Urbano e Regional,2022,0
1230,Mairinque,Sorocaba,RRT Inicial,Conforto Ambiental,2022,1
1231,Piedade,Sorocaba,RRT Inicial,Urbanismo e Desenho Urbano,2022,24
1232,Piedade,Sorocaba,RRT Inicial,Arquitetura das Edificações,2022,119
1233,Piedade,Sorocaba,RRT Inicial,Meio Ambiente,2022,0
1234,Piedade,Sorocaba,RRT Inicial,Conforto Ambiental,2022,0
1235,Piedade,Sorocaba,RRT Inicial,"Patrimônio Arquitetônico, Urbanístico e Paisagístico",2022,1
1236,Piedade,Sorocaba,RRT Inicial,Instalações e Equipamentos Referentes ao Urbanismo,2022,2
1237,Pilar do Sul,Sorocaba,RRT Inicial,"Patrimônio Arquitetônico, Urbanístico e Paisagístico",2022,1
1238,Pilar do Sul,Sorocaba,RRT Inicial,Meio Ambiente,2022,0
1239,Pilar do Sul,Sorocaba,RRT Inicial,Planejamento Urbano e Regional,2022,1
1240,Pilar do Sul,Sorocaba,RRT Inicial,Instalações e Equipamentos Referentes ao Urbanismo,2022,0
1241,Pilar do Sul,Sorocaba,RRT Inicial,Conforto Ambiental,2022,0
1242,Pilar do Sul,Sorocaba,RRT Inicial,Urbanismo e Desenho Urbano,2022,4
1243,Pilar do Sul,Sorocaba,RRT Inicial,Arquitetura das Edificações,2022,49
1244,Porto Feliz,Sorocaba,RRT Inicial,Urbanismo e Desenho Urbano,2022,24
1245,Porto Feliz,Sorocaba,RRT Inicial,Arquitetura das Edificações,2022,583
1246,Porto Feliz,Sorocaba,RRT Inicial,Meio Ambiente,2022,1
1247,Porto Feliz,Sorocaba,RRT Inicial,Conforto Ambiental,2022,10
1248,Porto Feliz,Sorocaba,RRT Inicial,"Patrimônio Arquitetônico, Urbanístico e Paisagístico",2022,4
1249,Porto Feliz,Sorocaba,RRT Inicial,Instalações e Equipamentos Referentes ao Urbanismo,2022,2
1250,Porto Feliz,Sorocaba,RRT Inicial,Planejamento Urbano e Regional,2022,1
1251,Salto,Sorocaba,RRT Inicial,Urbanismo e Desenho Urbano,2022,38
1252,Salto,Sorocaba,RRT Inicial,Arquitetura das Edificações,2022,1287
1253,Salto,Sorocaba,RRT Inicial,Conforto Ambiental,2022,3
1254,Salto,Sorocaba,RRT Inicial,Meio Ambiente,2022,0
1255,Salto,Sorocaba,RRT Inicial,"Patrimônio Arquitetônico, Urbanístico e Paisagístico",2022,4
1256,Salto,Sorocaba,RRT Inicial,Instalações e Equipamentos Referentes ao Urbanismo,2022,0
1257,Salto de Pirapora,Sorocaba,RRT Inicial,"Patrimônio Arquitetônico, Urbanístico e Paisagístico",2022,0
1258,Salto de Pirapora,Sorocaba,RRT Inicial,Instalações e Equipamentos Referentes ao Urbanismo,2022,4
1259,Salto de Pirapora,Sorocaba,RRT Inicial,Urbanismo e Desenho Urbano,2022,2
1260,Salto de Pirapora,Sorocaba,RRT Inicial,Arquitetura das Edificações,2022,168
1261,Salto de Pirapora,Sorocaba,RRT Inicial,Conforto Ambiental,2022,1
1262,São Miguel Arcanjo,Sorocaba,RRT Inicial,Conforto Ambiental,2022,0
1263,São Miguel Arcanjo,Sorocaba,RRT Inicial,Meio Ambiente,2022,0
1264,São Miguel Arcanjo,Sorocaba,RRT Inicial,Urbanismo e Desenho Urbano,2022,6
1265,São Miguel Arcanjo,Sorocaba,RRT Inicial,Arquitetura das Edificações,2022,50
1266,São Miguel Arcanjo,Sorocaba,RRT Inicial,Instalações e Equipamentos Referentes ao Urbanismo,2022,0
1267,São Roque,Sorocaba,RRT Inicial,Instalações e Equipamentos Referentes ao Urbanismo,2022,9
1268,São Roque,Sorocaba,RRT Inicial,Planejamento Urbano e Regional,2022,3
1269,São Roque,Sorocaba,RRT Inicial,Conforto Ambiental,2022,7
1270,São Roque,Sorocaba,RRT Inicial,Meio Ambiente,2022,6
1271,São Roque,Sorocaba,RRT Inicial,Urbanismo e Desenho Urbano,2022,39
1272,São Roque,Sorocaba,RRT Inicial,Arquitetura das Edificações,2022,393
1273,São Roque,Sorocaba,RRT Inicial,"Patrimônio Arquitetônico, Urbanístico e Paisagístico",2022,0
1274,Sarapuí,Sorocaba,RRT Inicial,Planejamento Urbano e Regional,2022,0
1275,Sarapuí,Sorocaba,RRT Inicial,Urbanismo e Desenho Urbano,2022,58
1276,Sarapuí,Sorocaba,RRT Inicial,Arquitetura das Edificações,2022,76
1277,Sarapuí,Sorocaba,RRT Inicial,Instalações e Equipamentos Referentes ao Urbanismo,2022,3
1278,Sorocaba,Sorocaba,RRT Inicial,Conforto Ambiental,2022,53
1279,Sorocaba,Sorocaba,RRT Inicial,Meio Ambiente,2022,2
1280,Sorocaba,Sorocaba,RRT Inicial,Urbanismo e Desenho Urbano,2022,87
1281,Sorocaba,Sorocaba,RRT Inicial,Arquitetura das Edificações,2022,3205
1282,Sorocaba,Sorocaba,RRT Inicial,Instalações e Equipamentos Referentes ao Urbanismo,2022,27
1283,Sorocaba,Sorocaba,RRT Inicial,"Patrimônio Arquitetônico, Urbanístico e Paisagístico",2022,2
1284,Sorocaba,Sorocaba,RRT Inicial,Planejamento Urbano e Regional,2022,1
1285,Tapiraí,Sorocaba,RRT Inicial,Urbanismo e Desenho Urbano,2022,3
1286,Tapiraí,Sorocaba,RRT Inicial,Arquitetura das Edificações,2022,10
1287,Tapiraí,Sorocaba,RRT Inicial,Instalações e Equipamentos Referentes ao Urbanismo,2022,0
1288,Tatuí,Sorocaba,RRT Inicial,Meio Ambiente,2022,5
1289,Tatuí,Sorocaba,RRT Inicial,Conforto Ambiental,2022,5
1290,Tatuí,Sorocaba,RRT Inicial,Urbanismo e Desenho Urbano,2022,14
1291,Tatuí,Sorocaba,RRT Inicial,Arquitetura das Edificações,2022,579
1292,Tatuí,Sorocaba,RRT Inicial,Planejamento Urbano e Regional,2022,0
1293,Tatuí,Sorocaba,RRT Inicial,Instalações e Equipamentos Referentes ao Urbanismo,2022,0
1294,Tatuí,Sorocaba,RRT Inicial,"Patrimônio Arquitetônico, Urbanístico e Paisagístico",2022,0
1295,Tietê,Sorocaba,RRT Inicial,Urbanismo e Desenho Urbano,2022,14
1296,Tietê,Sorocaba,RRT Inicial,Arquitetura das Edificações,2022,161
1297,Tietê,Sorocaba,RRT Inicial,Meio Ambiente,2022,1
1298,Tietê,Sorocaba,RRT Inicial,Conforto Ambiental,2022,0
1299,Tietê,Sorocaba,RRT Inicial,"Patrimônio Arquitetônico, Urbanístico e Paisagístico",2022,0
1300,Tietê,Sorocaba,RRT Inicial,Instalações e Equipamentos Referentes ao Urbanismo,2022,1
1301,Tietê,Sorocaba,RRT Inicial,Planejamento Urbano e Regional,2022,0
1302,Votorantim,Sorocaba,RRT Inicial,Conforto Ambiental,2022,7
1303,Votorantim,Sorocaba,RRT Inicial,Meio Ambiente,2022,1
1304,Votorantim,Sorocaba,RRT Inicial,Urbanismo e Desenho Urbano,2022,29
1305,Votorantim,Sorocaba,RRT Inicial,Arquitetura das Edificações,2022,681
1306,Votorantim,Sorocaba,RRT Inicial,Instalações e Equipamentos Referentes ao Urbanismo,2022,2
1307,Votorantim,Sorocaba,RRT Inicial,Planejamento Urbano e Regional,2022,4
1308,Diadema,ABC,RRT Social,,2022,7
1309,Diadema,ABC,Empresa,,2022,16
1310,Diadema,ABC,Profissional,,2022,194
1311,Mauá,ABC,RRT Social,,2022,2
1312,Mauá,ABC,Empresa,,2022,27
1313,Mauá,ABC,Profissional,,2022,195
1314,Ribeirão Pires,ABC,RRT Social,,2022,1
1315,Ribeirão Pires,ABC,Empresa,,2022,18
1316,Ribeirão Pires,ABC,Profissional,,2022,132
1317,Rio Grande da Serra,ABC,RRT Social,,2022,0
1318,Rio Grande da Serra,ABC,Empresa,,2022,2
1319,Rio Grande da Serra,ABC,Profissional,,2022,20
1320,Santo André,ABC,RRT Social,,2022,6
1321,Santo André,ABC,Empresa,,2022,177
1322,Santo André,ABC,Profissional,,2022,1302
1323,São Bernardo do Campo,ABC,RRT Social,,2022,10
1324,São Bernardo do Campo,ABC,Empresa,,2022,102
1325,São Bernardo do Campo,ABC,Profissional,,2022,1203
1326,São Caetano do Sul,ABC,RRT Social,,2022,3
1327,São Caetano do Sul,ABC,Empresa,,2022,105
1328,São Caetano do Sul,ABC,Profissional,,2022,572
1329,Americana,Campinas,RRT Social,,2022,4
1330,Americana,Campinas,Empresa,,2022,40
1331,Americana,Campinas,Profissional,,2022,333
1332,Artur Nogueira,Campinas,RRT Social,,2022,0
1333,Artur Nogueira,Campinas,Empresa,,2022,6
1334,Artur Nogueira,Campinas,Profissional,,2022,51
1335,Campinas,Campinas,RRT Social,,2022,13
1336,Campinas,Campinas,Empresa,,2022,275
1337,Campinas,Campinas,Profissional,,2022,2018
1338,Cosmópolis,Campinas,RRT Social,,2022,0
1339,Cosmópolis,Campinas,Empresa,,2022,2
1340,Cosmópolis,Campinas,Profissional,,2022,16
1341,Engenheiro Coelho,Campinas,RRT Social,,2022,0
1342,Engenheiro Coelho,Campinas,Empresa,,2022,2
1343,Engenheiro Coelho,Campinas,Profissional,,2022,19
1344,Holambra,Campinas,RRT Social,,2022,0
1345,Holambra,Campinas,Empresa,,2022,4
1346,Holambra,Campinas,Profissional,,2022,24
1347,Hortolândia,Campinas,RRT Social,,2022,14
1348,Hortolândia,Campinas,Empresa,,2022,9
1349,Hortolândia,Campinas,Profissional,,2022,81
1350,Indaiatuba,Campinas,RRT Social,,2022,4
1351,Indaiatuba,Campinas,Empresa,,2022,50
1352,Indaiatuba,Campinas,Profissional,,2022,462
1353,Itatiba,Campinas,RRT Social,,2022,3
1354,Itatiba,Campinas,Empresa,,2022,28
1355,Itatiba,Campinas,Profissional,,2022,222
1356,Jaguariúna,Campinas,RRT Social,,2022,8
1357,Jaguariúna,Campinas,Empresa,,2022,3
1358,Jaguariúna,Campinas,Profissional,,2022,48
1359,Monte Mor,Campinas,RRT Social,,2022,1
1360,Monte Mor,Campinas,Empresa,,2022,4
1361,Monte Mor,Campinas,Profissional,,2022,21
1362,Morungaba,Campinas,RRT Social,,2022,0
1363,Morungaba,Campinas,Empresa,,2022,2
1364,Morungaba,Campinas,Profissional,,2022,9
1365,Nova Odessa,Campinas,RRT Social,,2022,0
1366,Nova Odessa,Campinas,Empresa,,2022,0
1367,Nova Odessa,Campinas,Profissional,,2022,27
1368,Paulínia,Campinas,RRT Social,,2022,3
1369,Paulínia,Campinas,Empresa,,2022,14
1370,Paulínia,Campinas,Profissional,,2022,129
1371,Pedreira,Campinas,RRT Social,,2022,3
1372,Pedreira,Campinas,Empresa,,2022,1
1373,Pedreira,Campinas,Profissional,,2022,29
1374,Santa Bárbara d'Oeste,Campinas,RRT Social,,2022,4
1375,Santa Bárbara d'Oeste,Campinas,Empresa,,2022,12
1376,Santa Bárbara d'Oeste,Campinas,Profissional,,2022,146
1377,Santo Antônio de Posse,Campinas,RRT Social,,2022,0
1378,Santo Antônio de Posse,Campinas,Empresa,,2022,3
1379,Santo Antônio de Posse,Campinas,Profissional,,2022,13
1380,Sumaré,Campinas,RRT Social,,2022,8
1381,Sumaré,Campinas,Empresa,,2022,9
1382,Sumaré,Campinas,Profissional,,2022,87
1383,Valinhos,Campinas,RRT Social,,2022,5
1384,Valinhos,Campinas,Empresa,,2022,27
1385,Valinhos,Campinas,Profissional,,2022,235
1386,Vinhedo,Campinas,RRT Social,,2022,0
1387,Vinhedo,Campinas,Empresa,,2022,16
1388,Vinhedo,Campinas,Profissional,,2022,196
1389,Alambari,Sorocaba,RRT Social,,2022,0
1390,Alambari,Sorocaba,Empresa,,2022,1
1391,Alambari,Sorocaba,Profissional,,2022,1
1392,Alumínio,Sorocaba,RRT Social,,2022,0
1393,Alumínio,Sorocaba,Empresa,,2022,0
1394,Alumínio,Sorocaba,Profissional,,2022,7
1395,Araçariguama,Sorocaba,RRT Social,,2022,1
1396,Araçariguama,Sorocaba,Empresa,,2022,5
1397,Araçariguama,Sorocaba,Profissional,,2022,11
1398,Araçoiaba da Serra,Sorocaba,RRT Social,,2022,0
1399,Araçoiaba da Serra,Sorocaba,Empresa,,2022,2
1400,Araçoiaba da Serra,Sorocaba,Profissional,,2022,32
1401,Boituva,Sorocaba,RRT Social,,2022,1
1402,Boituva,Sorocaba,Empresa,,2022,8
1403,Boituva,Sorocaba,Profissional,,2022,69
1404,Capela do Alto,Sorocaba,RRT Social,,2022,1
1405,Capela do Alto,Sorocaba,Empresa,,2022,2
1406,Capela do Alto,Sorocaba,Profissional,,2022,10
1407,Cerquilho,Sorocaba,RRT Social,,2022,4
1408,Cerquilho,Sorocaba,Empresa,,2022,6
1409,Cerquilho,Sorocaba,Profissional,,2022,43
1410,Cesário Lange,Sorocaba,RRT Social,,2022,0
1411,Cesário Lange,Sorocaba,Empresa,,2022,0
1412,Cesário Lange,Sorocaba,Profissional,,2022,6
1413,Ibiúna,Sorocaba,RRT Social,,2022,2
1414,Ibiúna,Sorocaba,Empresa,,2022,3
1415,Ibiúna,Sorocaba,Profissional,,2022,25
1416,Iperó,Sorocaba,RRT Social,,2022,0
1417,Iperó,Sorocaba,Empresa,,2022,2
1418,Iperó,Sorocaba,Profissional,,2022,6
1419,Itapetininga,Sorocaba,RRT Social,,2022,5
1420,Itapetininga,Sorocaba,Empresa,,2022,16
1421,Itapetininga,Sorocaba,Profissional,,2022,91
1422,Itu,Sorocaba,RRT Social,,2022,5
1423,Itu,Sorocaba,Empresa,,2022,39
1424,Itu,Sorocaba,Profissional,,2022,258
1425,Jumirim,Sorocaba,RRT Social,,2022,1
1426,Jumirim,Sorocaba,Empresa,,2022,2
1427,Jumirim,Sorocaba,Profissional,,2022,2
1428,Mairinque,Sorocaba,RRT Social,,2022,0
1429,Mairinque,Sorocaba,Empresa,,2022,1
1430,Mairinque,Sorocaba,Profissional,,2022,26
1431,Piedade,Sorocaba,RRT Social,,2022,0
1432,Piedade,Sorocaba,Empresa,,2022,2
1433,Piedade,Sorocaba,Profissional,,2022,25
1434,Pilar do Sul,Sorocaba,RRT Social,,2022,0
1435,Pilar do Sul,Sorocaba,Empresa,,2022,1
1436,Pilar do Sul,Sorocaba,Profissional,,2022,16
1437,Porto Feliz,Sorocaba,RRT Social,,2022,33
1438,Porto Feliz,Sorocaba,Empresa,,2022,8
1439,Porto Feliz,Sorocaba,Profissional,,2022,67
1440,Salto,Sorocaba,RRT Social,,2022,5
1441,Salto,Sorocaba,Empresa,,2022,18
1442,Salto,Sorocaba,Profissional,,2022,169
1443,Salto de Pirapora,Sorocaba,RRT Social,,2022,0
1444,Salto de Pirapora,Sorocaba,Empresa,,2022,1
1445,Salto de Pirapora,Sorocaba,Profissional,,2022,16
1446,São Miguel Arcanjo,Sorocaba,RRT Social,,2022,0
1447,São Miguel Arcanjo,Sorocaba,Empresa,,2022,2
1448,São Miguel Arcanjo,Sorocaba,Profissional,,2022,15
1449,São Roque,Sorocaba,RRT Social,,2022,1
1450,São Roque,Sorocaba,Empresa,,2022,17
1451,São Roque,Sorocaba,Profissional,,2022,106
1452,Sarapuí,Sorocaba,RRT Social,,2022,1
1453,Sarapuí,Sorocaba,Empresa,,2022,0
1454,Sarapuí,Sorocaba,Profissional,,2022,7
1455,Sorocaba,Sorocaba,RRT Social,,2022,17
1456,Sorocaba,Sorocaba,Empresa,,2022,130
1457,Sorocaba,Sorocaba,Profissional,,2022,1019
1458,Tapiraí,Sorocaba,RRT Social,,2022,0
1459,Tapiraí,Sorocaba,Empresa,,2022,0
1460,Tapiraí,Sorocaba,Profissional,,2022,3
1461,Tatuí,Sorocaba,RRT Social,,2022,1
1462,Tatuí,Sorocaba,Empresa,,2022,10
1463,Tatuí,Sorocaba,Profissional,,2022,70
1464,Tietê,Sorocaba,RRT Social,,2022,0
1465,Tietê,Sorocaba,Empresa,,2022,3
1466,Tietê,Sorocaba,Profissional,,2022,43
1467,Votorantim,Sorocaba,RRT Social,,2022,1
1468,Votorantim,Sorocaba,Empresa,,2022,15
1469,Votorantim,Sorocaba,Profissional,,2022,98
1470,Diadema,ABC,RRT Inicial,Meio Ambiente,2023,3
1471,Diadema,ABC,RRT Inicial,Conforto Ambiental,2023,18
1472,Diadema,ABC,RRT Inicial,Urbanismo e Desenho Urbano,2023,21
1473,Diadema,ABC,RRT Inicial,Arquitetura das Edificações,2023,578
1474,Diadema,ABC,RRT Inicial,Planejamento Urbano e Regional,2023,0
1475,Diadema,ABC,RRT Inicial,Instalações e Equipamentos Referentes ao Urbanismo,2023,18
1476,Diadema,ABC,RRT Inicial,"Patrimônio Arquitetônico, Urbanístico e Paisagístico",2023,2
1477,Mauá,ABC,RRT Inicial,Meio Ambiente,2023,12
1478,Mauá,ABC,RRT Inicial,Conforto Ambiental,2023,14
1479,Mauá,ABC,RRT Inicial,Urbanismo e Desenho Urbano,2023,10
1480,Mauá,ABC,RRT Inicial,Arquitetura das Edificações,2023,585
1481,Mauá,ABC,RRT Inicial,Planejamento Urbano e Regional,2023,6
1482,Mauá,ABC,RRT Inicial,Instalações e Equipamentos Referentes ao Urbanismo,2023,58
1483,Mauá,ABC,RRT Inicial,"Patrimônio Arquitetônico, Urbanístico e Paisagístico",2023,4
1484,Ribeirão Pires,ABC,RRT Inicial,Conforto Ambiental,2023,3
1485,Ribeirão Pires,ABC,RRT Inicial,"Patrimônio Arquitetônico, Urbanístico e Paisagístico",2023,1
1486,Ribeirão Pires,ABC,RRT Inicial,Urbanismo e Desenho Urbano,2023,86
1487,Ribeirão Pires,ABC,RRT Inicial,Arquitetura das Edificações,2023,397
1488,Ribeirão Pires,ABC,RRT Inicial,Meio Ambiente,2023,4
1489,Ribeirão Pires,ABC,RRT Inicial,Instalações e Equipamentos Referentes ao Urbanismo,2023,26
1490,Rio Grande da Serra,ABC,RRT Inicial,"Patrimônio Arquitetônico, Urbanístico e Paisagístico",2023,0
1491,Rio Grande da Serra,ABC,RRT Inicial,Conforto Ambiental,2023,0
1492,Rio Grande da Serra,ABC,RRT Inicial,Arquitetura das Edificações,2023,51
1493,Rio Grande da Serra,ABC,RRT Inicial,Urbanismo e Desenho Urbano,2023,17
1494,Rio Grande da Serra,ABC,RRT Inicial,Instalações e Equipamentos Referentes ao Urbanismo,2023,10
1495,Santo André,ABC,RRT Inicial,Planejamento Urbano e Regional,2023,6
1496,Santo André,ABC,RRT Inicial,Instalações e Equipamentos Referentes ao Urbanismo,2023,68
1497,Santo André,ABC,RRT Inicial,Urbanismo e Desenho Urbano,2023,92
1498,Santo André,ABC,RRT Inicial,Arquitetura das Edificações,2023,2623
1499,Santo André,ABC,RRT Inicial,"Patrimônio Arquitetônico, Urbanístico e Paisagístico",2023,8
1500,Santo André,ABC,RRT Inicial,Conforto Ambiental,2023,86
1501,Santo André,ABC,RRT Inicial,Meio Ambiente,2023,58
1502,São Bernardo do Campo,ABC,RRT Inicial,Urbanismo e Desenho Urbano,2023,98
1503,São Bernardo do Campo,ABC,RRT Inicial,Arquitetura das Edificações,2023,2631
1504,São Bernardo do Campo,ABC,RRT Inicial,Conforto Ambiental,2023,84
1505,São Bernardo do Campo,ABC,RRT Inicial,Meio Ambiente,2023,22
1506,São Bernardo do Campo,ABC,RRT Inicial,Planejamento Urbano e Regional,2023,1
1507,São Bernardo do Campo,ABC,RRT Inicial,"Patrimônio Arquitetônico, Urbanístico e Paisagístico",2023,7
1508,São Bernardo do Campo,ABC,RRT Inicial,Instalações e Equipamentos Referentes ao Urbanismo,2023,24
1509,São Caetano do Sul,ABC,RRT Inicial,"Patrimônio Arquitetônico, Urbanístico e Paisagístico",2023,2
1510,São Caetano do Sul,ABC,RRT Inicial,Instalações e Equipamentos Referentes ao Urbanismo,2023,3
1511,São Caetano do Sul,ABC,RRT Inicial,Meio Ambiente,2023,7
1512,São Caetano do Sul,ABC,RRT Inicial,Urbanismo e Desenho Urbano,2023,36
1513,São Caetano do Sul,ABC,RRT Inicial,Arquitetura das Edificações,2023,1293
1514,São Caetano do Sul,ABC,RRT Inicial,Planejamento Urbano e Regional,2023,0
1515,São Caetano do Sul,ABC,RRT Inicial,Conforto Ambiental,2023,60
1516,Americana,Campinas,RRT Inicial,"Patrimônio Arquitetônico, Urbanístico e Paisagístico",2023,2
1517,Americana,Campinas,RRT Inicial,Instalações e Equipamentos Referentes ao Urbanismo,2023,11
1518,Americana,Campinas,RRT Inicial,Meio Ambiente,2023,4
1519,Americana,Campinas,RRT Inicial,Urbanismo e Desenho Urbano,2023,60
1520,Americana,Campinas,RRT Inicial,Arquitetura das Edificações,2023,969
1521,Americana,Campinas,RRT Inicial,Planejamento Urbano e Regional,2023,1
1522,Americana,Campinas,RRT Inicial,Conforto Ambiental,2023,20
1523,Artur Nogueira,Campinas,RRT Inicial,"Patrimônio Arquitetônico, Urbanístico e Paisagístico",2023,0
1524,Artur Nogueira,Campinas,RRT Inicial,Conforto Ambiental,2023,2
1525,Artur Nogueira,Campinas,RRT Inicial,Urbanismo e Desenho Urbano,2023,15
1526,Artur Nogueira,Campinas,RRT Inicial,Arquitetura das Edificações,2023,210
1527,Artur Nogueira,Campinas,RRT Inicial,Instalações e Equipamentos Referentes ao Urbanismo,2023,0
1528,Artur Nogueira,Campinas,RRT Inicial,Planejamento Urbano e Regional,2023,0
1529,Artur Nogueira,Campinas,RRT Inicial,Meio Ambiente,2023,1
1530,Campinas,Campinas,RRT Inicial,"Patrimônio Arquitetônico, Urbanístico e Paisagístico",2023,20
1531,Campinas,Campinas,RRT Inicial,Meio Ambiente,2023,57
1532,Campinas,Campinas,RRT Inicial,Planejamento Urbano e Regional,2023,8
1533,Campinas,Campinas,RRT Inicial,Instalações e Equipamentos Referentes ao Urbanismo,2023,84
1534,Campinas,Campinas,RRT Inicial,Conforto Ambiental,2023,204
1535,Campinas,Campinas,RRT Inicial,Urbanismo e Desenho Urbano,2023,140
1536,Campinas,Campinas,RRT Inicial,Arquitetura das Edificações,2023,4543
1537,Cosmópolis,Campinas,RRT Inicial,Conforto Ambiental,2023,0
1538,Cosmópolis,Campinas,RRT Inicial,Urbanismo e Desenho Urbano,2023,6
1539,Cosmópolis,Campinas,RRT Inicial,Arquitetura das Edificações,2023,84
1540,Cosmópolis,Campinas,RRT Inicial,Planejamento Urbano e Regional,2023,1
1541,Cosmópolis,Campinas,RRT Inicial,Instalações e Equipamentos Referentes ao Urbanismo,2023,1
1542,Engenheiro Coelho,Campinas,RRT Inicial,Conforto Ambiental,2023,3
1543,Engenheiro Coelho,Campinas,RRT Inicial,Planejamento Urbano e Regional,2023,0
1544,Engenheiro Coelho,Campinas,RRT Inicial,"Patrimônio Arquitetônico, Urbanístico e Paisagístico",2023,0
1545,Engenheiro Coelho,Campinas,RRT Inicial,Urbanismo e Desenho Urbano,2023,2
1546,Engenheiro Coelho,Campinas,RRT Inicial,Arquitetura das Edificações,2023,109
1547,Engenheiro Coelho,Campinas,RRT Inicial,Meio Ambiente,2023,0
1548,Engenheiro Coelho,Campinas,RRT Inicial,Instalações e Equipamentos Referentes ao Urbanismo,2023,0
1549,Holambra,Campinas,RRT Inicial,Meio Ambiente,2023,1
1550,Holambra,Campinas,RRT Inicial,Instalações e Equipamentos Referentes ao Urbanismo,2023,1
1551,Holambra,Campinas,RRT Inicial,Urbanismo e Desenho Urbano,2023,8
1552,Holambra,Campinas,RRT Inicial,Arquitetura das Edificações,2023,420
1553,Holambra,Campinas,RRT Inicial,Conforto Ambiental,2023,7
1554,Holambra,Campinas,RRT Inicial,Planejamento Urbano e Regional,2023,1
1555,Hortolândia,Campinas,RRT Inicial,Conforto Ambiental,2023,7
1556,Hortolândia,Campinas,RRT Inicial,Planejamento Urbano e Regional,2023,1
1557,Hortolândia,Campinas,RRT Inicial,Urbanismo e Desenho Urbano,2023,125
1558,Hortolândia,Campinas,RRT Inicial,Arquitetura das Edificações,2023,922
1559,Hortolândia,Campinas,RRT Inicial,Meio Ambiente,2023,0
1560,Hortolândia,Campinas,RRT Inicial,Instalações e Equipamentos Referentes ao Urbanismo,2023,4
1561,Indaiatuba,Campinas,RRT Inicial,Instalações e Equipamentos Referentes ao Urbanismo,2023,7
1562,Indaiatuba,Campinas,RRT Inicial,Conforto Ambiental,2023,63
1563,Indaiatuba,Campinas,RRT Inicial,Meio Ambiente,2023,7
1564,Indaiatuba,Campinas,RRT Inicial,"Patrimônio Arquitetônico, Urbanístico e Paisagístico",2023,2
1565,Indaiatuba,Campinas,RRT Inicial,Urbanismo e Desenho Urbano,2023,36
1566,Indaiatuba,Campinas,RRT Inicial,Arquitetura das Edificações,2023,2141
1567,Itatiba,Campinas,RRT Inicial,Urbanismo e Desenho Urbano,2023,32
1568,Itatiba,Campinas,RRT Inicial,Arquitetura das Edificações,2023,794
1569,Itatiba,Campinas,RRT Inicial,Planejamento Urbano e Regional,2023,2
1570,Itatiba,Campinas,RRT Inicial,Meio Ambiente,2023,12
1571,Itatiba,Campinas,RRT Inicial,Conforto Ambiental,2023,4
1572,Itatiba,Campinas,RRT Inicial,Instalações e Equipamentos Referentes ao Urbanismo,2023,2
1573,Itatiba,Campinas,RRT Inicial,"Patrimônio Arquitetônico, Urbanístico e Paisagístico",2023,1
1574,Jaguariúna,Campinas,RRT Inicial,Planejamento Urbano e Regional,2023,0
1575,Jaguariúna,Campinas,RRT Inicial,Instalações e Equipamentos Referentes ao Urbanismo,2023,7
1576,Jaguariúna,Campinas,RRT Inicial,Urbanismo e Desenho Urbano,2023,23
1577,Jaguariúna,Campinas,RRT Inicial,Arquitetura das Edificações,2023,355
1578,Jaguariúna,Campinas,RRT Inicial,"Patrimônio Arquitetônico, Urbanístico e Paisagístico",2023,4
1579,Jaguariúna,Campinas,RRT Inicial,Conforto Ambiental,2023,7
1580,Jaguariúna,Campinas,RRT Inicial,Meio Ambiente,2023,2
1581,Monte Mor,Campinas,RRT Inicial,Conforto Ambiental,2023,2
1582,Monte Mor,Campinas,RRT Inicial,Urbanismo e Desenho Urbano,2023,6
1583,Monte Mor,Campinas,RRT Inicial,Arquitetura das Edificações,2023,222
1584,Monte Mor,Campinas,RRT Inicial,Instalações e Equipamentos Referentes ao Urbanismo,2023,1
1585,Monte Mor,Campinas,RRT Inicial,Planejamento Urbano e Regional,2023,0
1586,Morungaba,Campinas,RRT Inicial,Instalações e Equipamentos Referentes ao Urbanismo,2023,0
1587,Morungaba,Campinas,RRT Inicial,Conforto Ambiental,2023,6
1588,Morungaba,Campinas,RRT Inicial,Urbanismo e Desenho Urbano,2023,3
1589,Morungaba,Campinas,RRT Inicial,Arquitetura das Edificações,2023,31
1590,Nova Odessa,Campinas,RRT Inicial,Planejamento Urbano e Regional,2023,0
1591,Nova Odessa,Campinas,RRT Inicial,Instalações e Equipamentos Referentes ao Urbanismo,2023,1
1592,Nova Odessa,Campinas,RRT Inicial,"Patrimônio Arquitetônico, Urbanístico e Paisagístico",2023,0
1593,Nova Odessa,Campinas,RRT Inicial,Meio Ambiente,2023,0
1594,Nova Odessa,Campinas,RRT Inicial,Conforto Ambiental,2023,7
1595,Nova Odessa,Campinas,RRT Inicial,Urbanismo e Desenho Urbano,2023,10
1596,Nova Odessa,Campinas,RRT Inicial,Arquitetura das Edificações,2023,455
1597,Paulínia,Campinas,RRT Inicial,Instalações e Equipamentos Referentes ao Urbanismo,2023,18
1598,Paulínia,Campinas,RRT Inicial,Urbanismo e Desenho Urbano,2023,20
1599,Paulínia,Campinas,RRT Inicial,Arquitetura das Edificações,2023,929
1600,Paulínia,Campinas,RRT Inicial,"Patrimônio Arquitetônico, Urbanístico e Paisagístico",2023,0
1601,Paulínia,Campinas,RRT Inicial,Meio Ambiente,2023,3
1602,Paulínia,Campinas,RRT Inicial,Conforto Ambiental,2023,14
1603,Pedreira,Campinas,RRT Inicial,Urbanismo e Desenho Urbano,2023,6
1604,Pedreira,Campinas,RRT Inicial,Arquitetura das Edificações,2023,125
1605,Pedreira,Campinas,RRT Inicial,Conforto Ambiental,2023,2
1606,Pedreira,Campinas,RRT Inicial,"Patrimônio Arquitetônico, Urbanístico e Paisagístico",2023,1
1607,Pedreira,Campinas,RRT Inicial,Instalações e Equipamentos Referentes ao Urbanismo,2023,2
1608,Pedreira,Campinas,RRT Inicial,Planejamento Urbano e Regional,2023,0
1609,Santa Bárbara d'Oeste,Campinas,RRT Inicial,"Patrimônio Arquitetônico, Urbanístico e Paisagístico",2023,1
1610,Santa Bárbara d'Oeste,Campinas,RRT Inicial,Urbanismo e Desenho Urbano,2023,26
1611,Santa Bárbara d'Oeste,Campinas,RRT Inicial,Arquitetura das Edificações,2023,468
1612,Santa Bárbara d'Oeste,Campinas,RRT Inicial,Conforto Ambiental,2023,15
1613,Santa Bárbara d'Oeste,Campinas,RRT Inicial,Instalações e Equipamentos Referentes ao Urbanismo,2023,4
1614,Santa Bárbara d'Oeste,Campinas,RRT Inicial,Meio Ambiente,2023,1
1615,Santo Antônio de Posse,Campinas,RRT Inicial,Planejamento Urbano e Regional,2023,2
1616,Santo Antônio de Posse,Campinas,RRT Inicial,Instalações e Equipamentos Referentes ao Urbanismo,2023,0
1617,Santo Antônio de Posse,Campinas,RRT Inicial,Urbanismo e Desenho Urbano,2023,6
1618,Santo Antônio de Posse,Campinas,RRT Inicial,Arquitetura das Edificações,2023,41
1619,Santo Antônio de Posse,Campinas,RRT Inicial,Conforto Ambiental,2023,2
1620,Sumaré,Campinas,RRT Inicial,Meio Ambiente,2023,1
1621,Sumaré,Campinas,RRT Inicial,"Patrimônio Arquitetônico, Urbanístico e Paisagístico",2023,1
1622,Sumaré,Campinas,RRT Inicial,Instalações e Equipamentos Referentes ao Urbanismo,2023,9
1623,Sumaré,Campinas,RRT Inicial,Urbanismo e Desenho Urbano,2023,17
1624,Sumaré,Campinas,RRT Inicial,Arquitetura das Edificações,2023,341
1625,Sumaré,Campinas,RRT Inicial,Conforto Ambiental,2023,19
1626,Sumaré,Campinas,RRT Inicial,Planejamento Urbano e Regional,2023,0
1627,Valinhos,Campinas,RRT Inicial,Instalações e Equipamentos Referentes ao Urbanismo,2023,11
1628,Valinhos,Campinas,RRT Inicial,Conforto Ambiental,2023,27
1629,Valinhos,Campinas,RRT Inicial,Meio Ambiente,2023,0
1630,Valinhos,Campinas,RRT Inicial,"Patrimônio Arquitetônico, Urbanístico e Paisagístico",2023,0
1631,Valinhos,Campinas,RRT Inicial,Planejamento Urbano e Regional,2023,0
1632,Valinhos,Campinas,RRT Inicial,Urbanismo e Desenho Urbano,2023,46
1633,Valinhos,Campinas,RRT Inicial,Arquitetura das Edificações,2023,690
1634,Vinhedo,Campinas,RRT Inicial,Instalações e Equipamentos Referentes ao Urbanismo,2023,7
1635,Vinhedo,Campinas,RRT Inicial,Conforto Ambiental,2023,11
1636,Vinhedo,Campinas,RRT Inicial,Meio Ambiente,2023,0
1637,Vinhedo,Campinas,RRT Inicial,"Patrimônio Arquitetônico, Urbanístico e Paisagístico",2023,1
1638,Vinhedo,Campinas,RRT Inicial,Urbanismo e Desenho Urbano,2023,17
1639,Vinhedo,Campinas,RRT Inicial,Arquitetura das Edificações,2023,596
1640,Alambari,Sorocaba,RRT Inicial,Planejamento Urbano e Regional,2023,0
1641,Alambari,Sorocaba,RRT Inicial,Instalações e Equipamentos Referentes ao Urbanismo,2023,0
1642,Alambari,Sorocaba,RRT Inicial,Urbanismo e Desenho Urbano,2023,3
1643,Alambari,Sorocaba,RRT Inicial,Arquitetura das Edificações,2023,12
1644,Alumínio,Sorocaba,RRT Inicial,"Patrimônio Arquitetônico, Urbanístico e Paisagístico",2023,0
1645,Alumínio,Sorocaba,RRT Inicial,Instalações e Equipamentos Referentes ao Urbanismo,2023,0
1646,Alumínio,Sorocaba,RRT Inicial,Conforto Ambiental,2023,0
1647,Alumínio,Sorocaba,RRT Inicial,Urbanismo e Desenho Urbano,2023,3
1648,Alumínio,Sorocaba,RRT Inicial,Arquitetura das Edificações,2023,37
1649,Araçariguama,Sorocaba,RRT Inicial,"Patrimônio Arquitetônico, Urbanístico e Paisagístico",2023,0
1650,Araçariguama,Sorocaba,RRT Inicial,Instalações e Equipamentos Referentes ao Urbanismo,2023,11
1651,Araçariguama,Sorocaba,RRT Inicial,Meio Ambiente,2023,1
1652,Araçariguama,Sorocaba,RRT Inicial,Urbanismo e Desenho Urbano,2023,8
1653,Araçariguama,Sorocaba,RRT Inicial,Arquitetura das Edificações,2023,147
1654,Araçariguama,Sorocaba,RRT Inicial,Planejamento Urbano e Regional,2023,0
1655,Araçariguama,Sorocaba,RRT Inicial,Conforto Ambiental,2023,17
1656,Araçoiaba da Serra,Sorocaba,RRT Inicial,"Patrimônio Arquitetônico, Urbanístico e Paisagístico",2023,2
1657,Araçoiaba da Serra,Sorocaba,RRT Inicial,Planejamento Urbano e Regional,2023,3
1658,Araçoiaba da Serra,Sorocaba,RRT Inicial,Urbanismo e Desenho Urbano,2023,35
1659,Araçoiaba da Serra,Sorocaba,RRT Inicial,Arquitetura das Edificações,2023,347
1660,Araçoiaba da Serra,Sorocaba,RRT Inicial,Conforto Ambiental,2023,2
1661,Araçoiaba da Serra,Sorocaba,RRT Inicial,Instalações e Equipamentos Referentes ao Urbanismo,2023,3
1662,Araçoiaba da Serra,Sorocaba,RRT Inicial,Meio Ambiente,2023,0
1663,Boituva,Sorocaba,RRT Inicial,Instalações e Equipamentos Referentes ao Urbanismo,2023,2
1664,Boituva,Sorocaba,RRT Inicial,Conforto Ambiental,2023,3
1665,Boituva,Sorocaba,RRT Inicial,Meio Ambiente,2023,1
1666,Boituva,Sorocaba,RRT Inicial,"Patrimônio Arquitetônico, Urbanístico e Paisagístico",2023,1
1667,Boituva,Sorocaba,RRT Inicial,Urbanismo e Desenho Urbano,2023,28
1668,Boituva,Sorocaba,RRT Inicial,Arquitetura das Edificações,2023,591
1669,Capela do Alto,Sorocaba,RRT Inicial,Urbanismo e Desenho Urbano,2023,3
1670,Capela do Alto,Sorocaba,RRT Inicial,Arquitetura das Edificações,2023,64
1671,Capela do Alto,Sorocaba,RRT Inicial,Planejamento Urbano e Regional,2023,1
1672,Capela do Alto,Sorocaba,RRT Inicial,Instalações e Equipamentos Referentes ao Urbanismo,2023,0
1673,Capela do Alto,Sorocaba,RRT Inicial,"Patrimônio Arquitetônico, Urbanístico e Paisagístico",2023,2
1674,Cerquilho,Sorocaba,RRT Inicial,"Patrimônio Arquitetônico, Urbanístico e Paisagístico",2023,2
1675,Cerquilho,Sorocaba,RRT Inicial,Planejamento Urbano e Regional,2023,0
1676,Cerquilho,Sorocaba,RRT Inicial,Urbanismo e Desenho Urbano,2023,15
1677,Cerquilho,Sorocaba,RRT Inicial,Arquitetura das Edificações,2023,233
1678,Cerquilho,Sorocaba,RRT Inicial,Conforto Ambiental,2023,0
1679,Cerquilho,Sorocaba,RRT Inicial,Instalações e Equipamentos Referentes ao Urbanismo,2023,0
1680,Cerquilho,Sorocaba,RRT Inicial,Meio Ambiente,2023,1
1681,Cesário Lange,Sorocaba,RRT Inicial,Urbanismo e Desenho Urbano,2023,8
1682,Cesário Lange,Sorocaba,RRT Inicial,Arquitetura das Edificações,2023,88
1683,Cesário Lange,Sorocaba,RRT Inicial,Conforto Ambiental,2023,1
1684,Cesário Lange,Sorocaba,RRT Inicial,Instalações e Equipamentos Referentes ao Urbanismo,2023,1
1685,Ibiúna,Sorocaba,RRT Inicial,"Patrimônio Arquitetônico, Urbanístico e Paisagístico",2023,1
1686,Ibiúna,Sorocaba,RRT Inicial,Conforto Ambiental,2023,3
1687,Ibiúna,Sorocaba,RRT Inicial,Urbanismo e Desenho Urbano,2023,8
1688,Ibiúna,Sorocaba,RRT Inicial,Arquitetura das Edificações,2023,175
1689,Ibiúna,Sorocaba,RRT Inicial,Instalações e Equipamentos Referentes ao Urbanismo,2023,3
1690,Iperó,Sorocaba,RRT Inicial,Conforto Ambiental,2023,0
1691,Iperó,Sorocaba,RRT Inicial,Urbanismo e Desenho Urbano,2023,12
1692,Iperó,Sorocaba,RRT Inicial,Arquitetura das Edificações,2023,76
1693,Iperó,Sorocaba,RRT Inicial,Instalações e Equipamentos Referentes ao Urbanismo,2023,0
1694,Iperó,Sorocaba,RRT Inicial,"Patrimônio Arquitetônico, Urbanístico e Paisagístico",2023,0
1695,Iperó,Sorocaba,RRT Inicial,Planejamento Urbano e Regional,2023,0
1696,Itapetininga,Sorocaba,RRT Inicial,Instalações e Equipamentos Referentes ao Urbanismo,2023,3
1697,Itapetininga,Sorocaba,RRT Inicial,"Patrimônio Arquitetônico, Urbanístico e Paisagístico",2023,0
1698,Itapetininga,Sorocaba,RRT Inicial,Meio Ambiente,2023,0
1699,Itapetininga,Sorocaba,RRT Inicial,Conforto Ambiental,2023,1
1700,Itapetininga,Sorocaba,RRT Inicial,Urbanismo e Desenho Urbano,2023,25
1701,Itapetininga,Sorocaba,RRT Inicial,Arquitetura das Edificações,2023,455
1702,Itu,Sorocaba,RRT Inicial,"Patrimônio Arquitetônico, Urbanístico e Paisagístico",2023,6
1703,Itu,Sorocaba,RRT Inicial,Instalações e Equipamentos Referentes ao Urbanismo,2023,16
1704,Itu,Sorocaba,RRT Inicial,Meio Ambiente,2023,3
1705,Itu,Sorocaba,RRT Inicial,Urbanismo e Desenho Urbano,2023,51
1706,Itu,Sorocaba,RRT Inicial,Arquitetura das Edificações,2023,1022
1707,Itu,Sorocaba,RRT Inicial,Planejamento Urbano e Regional,2023,3
1708,Itu,Sorocaba,RRT Inicial,Conforto Ambiental,2023,9
1709,Jumirim,Sorocaba,RRT Inicial,Instalações e Equipamentos Referentes ao Urbanismo,2023,1
1710,Jumirim,Sorocaba,RRT Inicial,Conforto Ambiental,2023,2
1711,Jumirim,Sorocaba,RRT Inicial,Urbanismo e Desenho Urbano,2023,0
1712,Jumirim,Sorocaba,RRT Inicial,Arquitetura das Edificações,2023,26
1713,Jumirim,Sorocaba,RRT Inicial,"Patrimônio Arquitetônico, Urbanístico e Paisagístico",2023,1
1714,Mairinque,Sorocaba,RRT Inicial,"Patrimônio Arquitetônico, Urbanístico e Paisagístico",2023,0
1715,Mairinque,Sorocaba,RRT Inicial,Instalações e Equipamentos Referentes ao Urbanismo,2023,9
1716,Mairinque,Sorocaba,RRT Inicial,Meio Ambiente,2023,10
1717,Mairinque,Sorocaba,RRT Inicial,Urbanismo e Desenho Urbano,2023,31
1718,Mairinque,Sorocaba,RRT Inicial,Arquitetura das Edificações,2023,190
1719,Mairinque,Sorocaba,RRT Inicial,Planejamento Urbano e Regional,2023,0
1720,Mairinque,Sorocaba,RRT Inicial,Conforto Ambiental,2023,2
1721,Piedade,Sorocaba,RRT Inicial,Urbanismo e Desenho Urbano,2023,11
1722,Piedade,Sorocaba,RRT Inicial,Arquitetura das Edificações,2023,143
1723,Piedade,Sorocaba,RRT Inicial,Meio Ambiente,2023,0
1724,Piedade,Sorocaba,RRT Inicial,Conforto Ambiental,2023,1
1725,Piedade,Sorocaba,RRT Inicial,"Patrimônio Arquitetônico, Urbanístico e Paisagístico",2023,0
1726,Piedade,Sorocaba,RRT Inicial,Instalações e Equipamentos Referentes ao Urbanismo,2023,7
1727,Pilar do Sul,Sorocaba,RRT Inicial,"Patrimônio Arquitetônico, Urbanístico e Paisagístico",2023,1
1728,Pilar do Sul,Sorocaba,RRT Inicial,Meio Ambiente,2023,0
1729,Pilar do Sul,Sorocaba,RRT Inicial,Planejamento Urbano e Regional,2023,0
1730,Pilar do Sul,Sorocaba,RRT Inicial,Instalações e Equipamentos Referentes ao Urbanismo,2023,0
1731,Pilar do Sul,Sorocaba,RRT Inicial,Conforto Ambiental,2023,3
1732,Pilar do Sul,Sorocaba,RRT Inicial,Urbanismo e Desenho Urbano,2023,11
1733,Pilar do Sul,Sorocaba,RRT Inicial,Arquitetura das Edificações,2023,46
1734,Porto Feliz,Sorocaba,RRT Inicial,Urbanismo e Desenho Urbano,2023,20
1735,Porto Feliz,Sorocaba,RRT Inicial,Arquitetura das Edificações,2023,560
1736,Porto Feliz,Sorocaba,RRT Inicial,Meio Ambiente,2023,2
1737,Porto Feliz,Sorocaba,RRT Inicial,Conforto Ambiental,2023,14
1738,Porto Feliz,Sorocaba,RRT Inicial,"Patrimônio Arquitetônico, Urbanístico e Paisagístico",2023,1
1739,Porto Feliz,Sorocaba,RRT Inicial,Instalações e Equipamentos Referentes ao Urbanismo,2023,2
1740,Porto Feliz,Sorocaba,RRT Inicial,Planejamento Urbano e Regional,2023,1
1741,Salto,Sorocaba,RRT Inicial,Urbanismo e Desenho Urbano,2023,61
1742,Salto,Sorocaba,RRT Inicial,Arquitetura das Edificações,2023,1119
1743,Salto,Sorocaba,RRT Inicial,Conforto Ambiental,2023,2
1744,Salto,Sorocaba,RRT Inicial,Meio Ambiente,2023,0
1745,Salto,Sorocaba,RRT Inicial,"Patrimônio Arquitetônico, Urbanístico e Paisagístico",2023,2
1746,Salto,Sorocaba,RRT Inicial,Instalações e Equipamentos Referentes ao Urbanismo,2023,0
1747,Salto de Pirapora,Sorocaba,RRT Inicial,"Patrimônio Arquitetônico, Urbanístico e Paisagístico",2023,1
1748,Salto de Pirapora,Sorocaba,RRT Inicial,Instalações e Equipamentos Referentes ao Urbanismo,2023,1
1749,Salto de Pirapora,Sorocaba,RRT Inicial,Urbanismo e Desenho Urbano,2023,4
1750,Salto de Pirapora,Sorocaba,RRT Inicial,Arquitetura das Edificações,2023,172
1751,Salto de Pirapora,Sorocaba,RRT Inicial,Conforto Ambiental,2023,1
1752,São Miguel Arcanjo,Sorocaba,RRT Inicial,Conforto Ambiental,2023,1
1753,São Miguel Arcanjo,Sorocaba,RRT Inicial,Meio Ambiente,2023,0
1754,São Miguel Arcanjo,Sorocaba,RRT Inicial,Urbanismo e Desenho Urbano,2023,6
1755,São Miguel Arcanjo,Sorocaba,RRT Inicial,Arquitetura das Edificações,2023,43
1756,São Miguel Arcanjo,Sorocaba,RRT Inicial,Instalações e Equipamentos Referentes ao Urbanismo,2023,1
1757,São Roque,Sorocaba,RRT Inicial,Instalações e Equipamentos Referentes ao Urbanismo,2023,10
1758,São Roque,Sorocaba,RRT Inicial,Planejamento Urbano e Regional,2023,1
1759,São Roque,Sorocaba,RRT Inicial,Conforto Ambiental,2023,61
1760,São Roque,Sorocaba,RRT Inicial,Meio Ambiente,2023,7
1761,São Roque,Sorocaba,RRT Inicial,Urbanismo e Desenho Urbano,2023,29
1762,São Roque,Sorocaba,RRT Inicial,Arquitetura das Edificações,2023,507
1763,São Roque,Sorocaba,RRT Inicial,"Patrimônio Arquitetônico, Urbanístico e Paisagístico",2023,2
1764,Sarapuí,Sorocaba,RRT Inicial,Planejamento Urbano e Regional,2023,0
1765,Sarapuí,Sorocaba,RRT Inicial,Urbanismo e Desenho Urbano,2023,65
1766,Sarapuí,Sorocaba,RRT Inicial,Arquitetura das Edificações,2023,69
1767,Sarapuí,Sorocaba,RRT Inicial,Instalações e Equipamentos Referentes ao Urbanismo,2023,0
1768,Sorocaba,Sorocaba,RRT Inicial,Conforto Ambiental,2023,74
1769,Sorocaba,Sorocaba,RRT Inicial,Meio Ambiente,2023,3
1770,Sorocaba,Sorocaba,RRT Inicial,Urbanismo e Desenho Urbano,2023,73
1771,Sorocaba,Sorocaba,RRT Inicial,Arquitetura das Edificações,2023,3479
1772,Sorocaba,Sorocaba,RRT Inicial,Instalações e Equipamentos Referentes ao Urbanismo,2023,15
1773,Sorocaba,Sorocaba,RRT Inicial,"Patrimônio Arquitetônico, Urbanístico e Paisagístico",2023,3
1774,Sorocaba,Sorocaba,RRT Inicial,Planejamento Urbano e Regional,2023,0
1775,Tapiraí,Sorocaba,RRT Inicial,Urbanismo e Desenho Urbano,2023,0
1776,Tapiraí,Sorocaba,RRT Inicial,Arquitetura das Edificações,2023,6
1777,Tapiraí,Sorocaba,RRT Inicial,Instalações e Equipamentos Referentes ao Urbanismo,2023,1
1778,Tatuí,Sorocaba,RRT Inicial,Meio Ambiente,2023,8
1779,Tatuí,Sorocaba,RRT Inicial,Conforto Ambiental,2023,1
1780,Tatuí,Sorocaba,RRT Inicial,Urbanismo e Desenho Urbano,2023,19
1781,Tatuí,Sorocaba,RRT Inicial,Arquitetura das Edificações,2023,487
1782,Tatuí,Sorocaba,RRT Inicial,Planejamento Urbano e Regional,2023,0
1783,Tatuí,Sorocaba,RRT Inicial,Instalações e Equipamentos Referentes ao Urbanismo,2023,2
1784,Tatuí,Sorocaba,RRT Inicial,"Patrimônio Arquitetônico, Urbanístico e Paisagístico",2023,1
1785,Tietê,Sorocaba,RRT Inicial,Urbanismo e Desenho Urbano,2023,27
1786,Tietê,Sorocaba,RRT Inicial,Arquitetura das Edificações,2023,170
1787,Tietê,Sorocaba,RRT Inicial,Meio Ambiente,2023,0
1788,Tietê,Sorocaba,RRT Inicial,Conforto Ambiental,2023,4
1789,Tietê,Sorocaba,RRT Inicial,"Patrimônio Arquitetônico, Urbanístico e Paisagístico",2023,3
1790,Tietê,Sorocaba,RRT Inicial,Instalações e Equipamentos Referentes ao Urbanismo,2023,4
1791,Tietê,Sorocaba,RRT Inicial,Planejamento Urbano e Regional,2023,0
1792,Votorantim,Sorocaba,RRT Inicial,Conforto Ambiental,2023,22
1793,Votorantim,Sorocaba,RRT Inicial,Meio Ambiente,2023,0
1794,Votorantim,Sorocaba,RRT Inicial,Urbanismo e Desenho Urbano,2023,40
1795,Votorantim,Sorocaba,RRT Inicial,Arquitetura das Edificações,2023,637
1796,Votorantim,Sorocaba,RRT Inicial,Instalações e Equipamentos Referentes ao Urbanismo,2023,3
1797,Votorantim,Sorocaba,RRT Inicial,Planejamento Urbano e Regional,2023,1
1798,Diadema,ABC,RRT Social,,2023,1
1799,Diadema,ABC,Empresa,,2023,18
1800,Diadema,ABC,Profissional,,2023,210
1801,Mauá,ABC,RRT Social,,2023,1
1802,Mauá,ABC,Empresa,,2023,31
1803,Mauá,ABC,Profissional,,2023,225
1804,Ribeirão Pires,ABC,RRT Social,,2023,0
1805,Ribeirão Pires,ABC,Empresa,,2023,17
1806,Ribeirão Pires,ABC,Profissional,,2023,136
1807,Rio Grande da Serra,ABC,RRT Social,,2023,1
1808,Rio Grande da Serra,ABC,Empresa,,2023,2
1809,Rio Grande da Serra,ABC,Profissional,,2023,16
1810,Santo André,ABC,RRT Social,,2023,5
1811,Santo André,ABC,Empresa,,2023,175
1812,Santo André,ABC,Profissional,,2023,1364
1813,São Bernardo do Campo,ABC,RRT Social,,2023,3
1814,São Bernardo do Campo,ABC,Empresa,,2023,111
1815,São Bernardo do Campo,ABC,Profissional,,2023,1186
1816,São Caetano do Sul,ABC,RRT Social,,2023,3
1817,São Caetano do Sul,ABC,Empresa,,2023,113
1818,São Caetano do Sul,ABC,Profissional,,2023,576
1819,Americana,Campinas,RRT Social,,2023,2
1820,Americana,Campinas,Empresa,,2023,44
1821,Americana,Campinas,Profissional,,2023,353
1822,Artur Nogueira,Campinas,RRT Social,,2023,4
1823,Artur Nogueira,Campinas,Empresa,,2023,6
1824,Artur Nogueira,Campinas,Profissional,,2023,44
1825,Campinas,Campinas,RRT Social,,2023,3
1826,Campinas,Campinas,Empresa,,2023,275
1827,Campinas,Campinas,Profissional,,2023,2137
1828,Cosmópolis,Campinas,RRT Social,,2023,0
1829,Cosmópolis,Campinas,Empresa,,2023,2
1830,Cosmópolis,Campinas,Profissional,,2023,18
1831,Engenheiro Coelho,Campinas,RRT Social,,2023,0
1832,Engenheiro Coelho,Campinas,Empresa,,2023,2
1833,Engenheiro Coelho,Campinas,Profissional,,2023,17
1834,Holambra,Campinas,RRT Social,,2023,0
1835,Holambra,Campinas,Empresa,,2023,4
1836,Holambra,Campinas,Profissional,,2023,24
1837,Hortolândia,Campinas,RRT Social,,2023,9
1838,Hortolândia,Campinas,Empresa,,2023,9
1839,Hortolândia,Campinas,Profissional,,2023,93
1840,Indaiatuba,Campinas,RRT Social,,2023,4
1841,Indaiatuba,Campinas,Empresa,,2023,42
1842,Indaiatuba,Campinas,Profissional,,2023,481
1843,Itatiba,Campinas,RRT Social,,2023,6
1844,Itatiba,Campinas,Empresa,,2023,28
1845,Itatiba,Campinas,Profissional,,2023,221
1846,Jaguariúna,Campinas,RRT Social,,2023,4
1847,Jaguariúna,Campinas,Empresa,,2023,5
1848,Jaguariúna,Campinas,Profissional,,2023,54
1849,Monte Mor,Campinas,RRT Social,,2023,1
1850,Monte Mor,Campinas,Empresa,,2023,3
1851,Monte Mor,Campinas,Profissional,,2023,22
1852,Morungaba,Campinas,RRT Social,,2023,0
1853,Morungaba,Campinas,Empresa,,2023,2
1854,Morungaba,Campinas,Profissional,,2023,11
1855,Nova Odessa,Campinas,RRT Social,,2023,1
1856,Nova Odessa,Campinas,Empresa,,2023,1
1857,Nova Odessa,Campinas,Profissional,,2023,35
1858,Paulínia,Campinas,RRT Social,,2023,1
1859,Paulínia,Campinas,Empresa,,2023,13
1860,Paulínia,Campinas,Profissional,,2023,134
1861,Pedreira,Campinas,RRT Social,,2023,0
1862,Pedreira,Campinas,Empresa,,2023,1
1863,Pedreira,Campinas,Profissional,,2023,40
1864,Santa Bárbara d'Oeste,Campinas,RRT Social,,2023,1
1865,Santa Bárbara d'Oeste,Campinas,Empresa,,2023,11
1866,Santa Bárbara d'Oeste,Campinas,Profissional,,2023,149
1867,Santo Antônio de Posse,Campinas,RRT Social,,2023,0
1868,Santo Antônio de Posse,Campinas,Empresa,,2023,3
1869,Santo Antônio de Posse,Campinas,Profissional,,2023,14
1870,Sumaré,Campinas,RRT Social,,2023,3
1871,Sumaré,Campinas,Empresa,,2023,13
1872,Sumaré,Campinas,Profissional,,2023,105
1873,Valinhos,Campinas,RRT Social,,2023,2
1874,Valinhos,Campinas,Empresa,,2023,29
1875,Valinhos,Campinas,Profissional,,2023,233
1876,Vinhedo,Campinas,RRT Social,,2023,0
1877,Vinhedo,Campinas,Empresa,,2023,19
1878,Vinhedo,Campinas,Profissional,,2023,210
1879,Alambari,Sorocaba,RRT Social,,2023,0
1880,Alambari,Sorocaba,Empresa,,2023,1
1881,Alambari,Sorocaba,Profissional,,2023,0
1882,Alumínio,Sorocaba,RRT Social,,2023,0
1883,Alumínio,Sorocaba,Empresa,,2023,0
1884,Alumínio,Sorocaba,Profissional,,2023,6
1885,Araçariguama,Sorocaba,RRT Social,,2023,1
1886,Araçariguama,Sorocaba,Empresa,,2023,6
1887,Araçariguama,Sorocaba,Profissional,,2023,15
1888,Araçoiaba da Serra,Sorocaba,RRT Social,,2023,0
1889,Araçoiaba da Serra,Sorocaba,Empresa,,2023,1
1890,Araçoiaba da Serra,Sorocaba,Profissional,,2023,30
1891,Boituva,Sorocaba,RRT Social,,2023,1
1892,Boituva,Sorocaba,Empresa,,2023,10
1893,Boituva,Sorocaba,Profissional,,2023,78
1894,Capela do Alto,Sorocaba,RRT Social,,2023,1
1895,Capela do Alto,Sorocaba,Empresa,,2023,2
1896,Capela do Alto,Sorocaba,Profissional,,2023,6
1897,Cerquilho,Sorocaba,RRT Social,,2023,4
1898,Cerquilho,Sorocaba,Empresa,,2023,6
1899,Cerquilho,Sorocaba,Profissional,,2023,46
1900,Cesário Lange,Sorocaba,RRT Social,,2023,0
1901,Cesário Lange,Sorocaba,Empresa,,2023,0
1902,Cesário Lange,Sorocaba,Profissional,,2023,5
1903,Ibiúna,Sorocaba,RRT Social,,2023,1
1904,Ibiúna,Sorocaba,Empresa,,2023,4
1905,Ibiúna,Sorocaba,Profissional,,2023,29
1906,Iperó,Sorocaba,RRT Social,,2023,1
1907,Iperó,Sorocaba,Empresa,,2023,2
1908,Iperó,Sorocaba,Profissional,,2023,11
1909,Itapetininga,Sorocaba,RRT Social,,2023,0
1910,Itapetininga,Sorocaba,Empresa,,2023,19
1911,Itapetininga,Sorocaba,Profissional,,2023,91
1912,Itu,Sorocaba,RRT Social,,2023,1
1913,Itu,Sorocaba,Empresa,,2023,43
1914,Itu,Sorocaba,Profissional,,2023,257
1915,Jumirim,Sorocaba,RRT Social,,2023,0
1916,Jumirim,Sorocaba,Empresa,,2023,2
1917,Jumirim,Sorocaba,Profissional,,2023,3
1918,Mairinque,Sorocaba,RRT Social,,2023,0
1919,Mairinque,Sorocaba,Empresa,,2023,1
1920,Mairinque,Sorocaba,Profissional,,2023,23
1921,Piedade,Sorocaba,RRT Social,,2023,0
1922,Piedade,Sorocaba,Empresa,,2023,3
1923,Piedade,Sorocaba,Profissional,,2023,25
1924,Pilar do Sul,Sorocaba,RRT Social,,2023,2
1925,Pilar do Sul,Sorocaba,Empresa,,2023,3
1926,Pilar do Sul,Sorocaba,Profissional,,2023,16
1927,Porto Feliz,Sorocaba,RRT Social,,2023,33
1928,Porto Feliz,Sorocaba,Empresa,,2023,10
1929,Porto Feliz,Sorocaba,Profissional,,2023,66
1930,Salto,Sorocaba,RRT Social,,2023,3
1931,Salto,Sorocaba,Empresa,,2023,18
1932,Salto,Sorocaba,Profissional,,2023,175
1933,Salto de Pirapora,Sorocaba,RRT Social,,2023,0
1934,Salto de Pirapora,Sorocaba,Empresa,,2023,4
1935,Salto de Pirapora,Sorocaba,Profissional,,2023,26
1936,São Miguel Arcanjo,Sorocaba,RRT Social,,2023,0
1937,São Miguel Arcanjo,Sorocaba,Empresa,,2023,2
1938,São Miguel Arcanjo,Sorocaba,Profissional,,2023,16
1939,São Roque,Sorocaba,RRT Social,,2023,0
1940,São Roque,Sorocaba,Empresa,,2023,17
1941,São Roque,Sorocaba,Profissional,,2023,113
1942,Sarapuí,Sorocaba,RRT Social,,2023,0
1943,Sarapuí,Sorocaba,Empresa,,2023,0
1944,Sarapuí,Sorocaba,Profissional,,2023,5
1945,Sorocaba,Sorocaba,RRT Social,,2023,15
1946,Sorocaba,Sorocaba,Empresa,,2023,133
1947,Sorocaba,Sorocaba,Profissional,,2023,1068
1948,Tapiraí,Sorocaba,RRT Social,,2023,0
1949,Tapiraí,Sorocaba,Empresa,,2023,0
1950,Tapiraí,Sorocaba,Profissional,,2023,0
1951,Tatuí,Sorocaba,RRT Social,,2023,0
1952,Tatuí,Sorocaba,Empresa,,2023,12
1953,Tatuí,Sorocaba,Profissional,,2023,76
1954,Tietê,Sorocaba,RRT Social,,2023,0
1955,Tietê,Sorocaba,Empresa,,2023,3
1956,Tietê,Sorocaba,Profissional,,2023,48
1957,Votorantim,Sorocaba,RRT Social,,2023,4
1958,Votorantim,Sorocaba,Empresa,,2023,15
1959,Votorantim,Sorocaba,Profissional,,2023,113
1960,Diadema,ABC,RRT Inicial,Meio Ambiente,2024,27
1961,Diadema,ABC,RRT Inicial,Conforto Ambiental,2024,12
1962,Diadema,ABC,RRT Inicial,Urbanismo e Desenho Urbano,2024,48
1963,Diadema,ABC,RRT Inicial,Arquitetura das Edificações,2024,548
1964,Diadema,ABC,RRT Inicial,Planejamento Urbano e Regional,2024,0
1965,Diadema,ABC,RRT Inicial,Instalações e Equipamentos Referentes ao Urbanismo,2024,55
1966,Diadema,ABC,RRT Inicial,"Patrimônio Arquitetônico, Urbanístico e Paisagístico",2024,0
1967,Mauá,ABC,RRT Inicial,Meio Ambiente,2024,5
1968,Mauá,ABC,RRT Inicial,Conforto Ambiental,2024,13
1969,Mauá,ABC,RRT Inicial,Urbanismo e Desenho Urbano,2024,11
1970,Mauá,ABC,RRT Inicial,Arquitetura das Edificações,2024,547
1971,Mauá,ABC,RRT Inicial,Planejamento Urbano e Regional,2024,0
1972,Mauá,ABC,RRT Inicial,Instalações e Equipamentos Referentes ao Urbanismo,2024,72
1973,Mauá,ABC,RRT Inicial,"Patrimônio Arquitetônico, Urbanístico e Paisagístico",2024,0
1974,Ribeirão Pires,ABC,RRT Inicial,Conforto Ambiental,2024,2
1975,Ribeirão Pires,ABC,RRT Inicial,"Patrimônio Arquitetônico, Urbanístico e Paisagístico",2024,0
1976,Ribeirão Pires,ABC,RRT Inicial,Urbanismo e Desenho Urbano,2024,57
1977,Ribeirão Pires,ABC,RRT Inicial,Arquitetura das Edificações,2024,475
1978,Ribeirão Pires,ABC,RRT Inicial,Meio Ambiente,2024,4
1979,Ribeirão Pires,ABC,RRT Inicial,Instalações e Equipamentos Referentes ao Urbanismo,2024,28
1980,Rio Grande da Serra,ABC,RRT Inicial,"Patrimônio Arquitetônico, Urbanístico e Paisagístico",2024,1
1981,Rio Grande da Serra,ABC,RRT Inicial,Conforto Ambiental,2024,0
1982,Rio Grande da Serra,ABC,RRT Inicial,Arquitetura das Edificações,2024,46
1983,Rio Grande da Serra,ABC,RRT Inicial,Urbanismo e Desenho Urbano,2024,9
1984,Rio Grande da Serra,ABC,RRT Inicial,Instalações e Equipamentos Referentes ao Urbanismo,2024,8
1985,Santo André,ABC,RRT Inicial,Planejamento Urbano e Regional,2024,4
1986,Santo André,ABC,RRT Inicial,Instalações e Equipamentos Referentes ao Urbanismo,2024,80
1987,Santo André,ABC,RRT Inicial,Urbanismo e Desenho Urbano,2024,97
1988,Santo André,ABC,RRT Inicial,Arquitetura das Edificações,2024,2845
1989,Santo André,ABC,RRT Inicial,"Patrimônio Arquitetônico, Urbanístico e Paisagístico",2024,4
1990,Santo André,ABC,RRT Inicial,Conforto Ambiental,2024,105
1991,Santo André,ABC,RRT Inicial,Meio Ambiente,2024,63
1992,São Bernardo do Campo,ABC,RRT Inicial,Urbanismo e Desenho Urbano,2024,149
1993,São Bernardo do Campo,ABC,RRT Inicial,Arquitetura das Edificações,2024,3032
1994,São Bernardo do Campo,ABC,RRT Inicial,Conforto Ambiental,2024,125
1995,São Bernardo do Campo,ABC,RRT Inicial,Meio Ambiente,2024,24
1996,São Bernardo do Campo,ABC,RRT Inicial,Planejamento Urbano e Regional,2024,6
1997,São Bernardo do Campo,ABC,RRT Inicial,"Patrimônio Arquitetônico, Urbanístico e Paisagístico",2024,9
1998,São Bernardo do Campo,ABC,RRT Inicial,Instalações e Equipamentos Referentes ao Urbanismo,2024,30
1999,São Caetano do Sul,ABC,RRT Inicial,"Patrimônio Arquitetônico, Urbanístico e Paisagístico",2024,5
2000,São Caetano do Sul,ABC,RRT Inicial,Instalações e Equipamentos Referentes ao Urbanismo,2024,5
2001,São Caetano do Sul,ABC,RRT Inicial,Meio Ambiente,2024,3
2002,São Caetano do Sul,ABC,RRT Inicial,Urbanismo e Desenho Urbano,2024,23
2003,São Caetano do Sul,ABC,RRT Inicial,Arquitetura das Edificações,2024,1274
2004,São Caetano do Sul,ABC,RRT Inicial,Planejamento Urbano e Regional,2024,0
2005,São Caetano do Sul,ABC,RRT Inicial,Conforto Ambiental,2024,65
2006,Americana,Campinas,RRT Inicial,"Patrimônio Arquitetônico, Urbanístico e Paisagístico",2024,0
2007,Americana,Campinas,RRT Inicial,Instalações e Equipamentos Referentes ao Urbanismo,2024,13
2008,Americana,Campinas,RRT Inicial,Meio Ambiente,2024,9
2009,Americana,Campinas,RRT Inicial,Urbanismo e Desenho Urbano,2024,62
2010,Americana,Campinas,RRT Inicial,Arquitetura das Edificações,2024,1172
2011,Americana,Campinas,RRT Inicial,Planejamento Urbano e Regional,2024,0
2012,Americana,Campinas,RRT Inicial,Conforto Ambiental,2024,25
2013,Artur Nogueira,Campinas,RRT Inicial,"Patrimônio Arquitetônico, Urbanístico e Paisagístico",2024,2
2014,Artur Nogueira,Campinas,RRT Inicial,Conforto Ambiental,2024,3
2015,Artur Nogueira,Campinas,RRT Inicial,Urbanismo e Desenho Urbano,2024,12
2016,Artur Nogueira,Campinas,RRT Inicial,Arquitetura das Edificações,2024,297
2017,Artur Nogueira,Campinas,RRT Inicial,Instalações e Equipamentos Referentes ao Urbanismo,2024,0
2018,Artur Nogueira,Campinas,RRT Inicial,Planejamento Urbano e Regional,2024,1
2019,Artur Nogueira,Campinas,RRT Inicial,Meio Ambiente,2024,2
2020,Campinas,Campinas,RRT Inicial,"Patrimônio Arquitetônico, Urbanístico e Paisagístico",2024,14
2021,Campinas,Campinas,RRT Inicial,Meio Ambiente,2024,44
2022,Campinas,Campinas,RRT Inicial,Planejamento Urbano e Regional,2024,6
2023,Campinas,Campinas,RRT Inicial,Instalações e Equipamentos Referentes ao Urbanismo,2024,122
2024,Campinas,Campinas,RRT Inicial,Conforto Ambiental,2024,261
2025,Campinas,Campinas,RRT Inicial,Urbanismo e Desenho Urbano,2024,151
2026,Campinas,Campinas,RRT Inicial,Arquitetura das Edificações,2024,4711
2027,Cosmópolis,Campinas,RRT Inicial,Conforto Ambiental,2024,1
2028,Cosmópolis,Campinas,RRT Inicial,Urbanismo e Desenho Urbano,2024,8
2029,Cosmópolis,Campinas,RRT Inicial,Arquitetura das Edificações,2024,91
2030,Cosmópolis,Campinas,RRT Inicial,Planejamento Urbano e Regional,2024,0
2031,Cosmópolis,Campinas,RRT Inicial,Instalações e Equipamentos Referentes ao Urbanismo,2024,2
2032,Engenheiro Coelho,Campinas,RRT Inicial,Conforto Ambiental,2024,1
2033,Engenheiro Coelho,Campinas,RRT Inicial,Planejamento Urbano e Regional,2024,0
2034,Engenheiro Coelho,Campinas,RRT Inicial,"Patrimônio Arquitetônico, Urbanístico e Paisagístico",2024,1
2035,Engenheiro Coelho,Campinas,RRT Inicial,Urbanismo e Desenho Urbano,2024,7
2036,Engenheiro Coelho,Campinas,RRT Inicial,Arquitetura das Edificações,2024,174
2037,Engenheiro Coelho,Campinas,RRT Inicial,Meio Ambiente,2024,0
2038,Engenheiro Coelho,Campinas,RRT Inicial,Instalações e Equipamentos Referentes ao Urbanismo,2024,0
2039,Holambra,Campinas,RRT Inicial,Meio Ambiente,2024,0
2040,Holambra,Campinas,RRT Inicial,Instalações e Equipamentos Referentes ao Urbanismo,2024,0
2041,Holambra,Campinas,RRT Inicial,Urbanismo e Desenho Urbano,2024,3
2042,Holambra,Campinas,RRT Inicial,Arquitetura das Edificações,2024,354
2043,Holambra,Campinas,RRT Inicial,Conforto Ambiental,2024,4
2044,Holambra,Campinas,RRT Inicial,Planejamento Urbano e Regional,2024,1
2045,Hortolândia,Campinas,RRT Inicial,Conforto Ambiental,2024,24
2046,Hortolândia,Campinas,RRT Inicial,Planejamento Urbano e Regional,2024,0
2047,Hortolândia,Campinas,RRT Inicial,Urbanismo e Desenho Urbano,2024,146
2048,Hortolândia,Campinas,RRT Inicial,Arquitetura das Edificações,2024,1055
2049,Hortolândia,Campinas,RRT Inicial,Meio Ambiente,2024,2
2050,Hortolândia,Campinas,RRT Inicial,Instalações e Equipamentos Referentes ao Urbanismo,2024,9
2051,Indaiatuba,Campinas,RRT Inicial,Instalações e Equipamentos Referentes ao Urbanismo,2024,7
2052,Indaiatuba,Campinas,RRT Inicial,Conforto Ambiental,2024,85
2053,Indaiatuba,Campinas,RRT Inicial,Meio Ambiente,2024,12
2054,Indaiatuba,Campinas,RRT Inicial,"Patrimônio Arquitetônico, Urbanístico e Paisagístico",2024,1
2055,Indaiatuba,Campinas,RRT Inicial,Urbanismo e Desenho Urbano,2024,49
2056,Indaiatuba,Campinas,RRT Inicial,Arquitetura das Edificações,2024,2441
2057,Itatiba,Campinas,RRT Inicial,Urbanismo e Desenho Urbano,2024,20
2058,Itatiba,Campinas,RRT Inicial,Arquitetura das Edificações,2024,828
2059,Itatiba,Campinas,RRT Inicial,Planejamento Urbano e Regional,2024,0
2060,Itatiba,Campinas,RRT Inicial,Meio Ambiente,2024,23
2061,Itatiba,Campinas,RRT Inicial,Conforto Ambiental,2024,15
2062,Itatiba,Campinas,RRT Inicial,Instalações e Equipamentos Referentes ao Urbanismo,2024,5
2063,Itatiba,Campinas,RRT Inicial,"Patrimônio Arquitetônico, Urbanístico e Paisagístico",2024,1
2064,Jaguariúna,Campinas,RRT Inicial,Planejamento Urbano e Regional,2024,1
2065,Jaguariúna,Campinas,RRT Inicial,Instalações e Equipamentos Referentes ao Urbanismo,2024,4
2066,Jaguariúna,Campinas,RRT Inicial,Urbanismo e Desenho Urbano,2024,32
2067,Jaguariúna,Campinas,RRT Inicial,Arquitetura das Edificações,2024,419
2068,Jaguariúna,Campinas,RRT Inicial,"Patrimônio Arquitetônico, Urbanístico e Paisagístico",2024,4
2069,Jaguariúna,Campinas,RRT Inicial,Conforto Ambiental,2024,7
2070,Jaguariúna,Campinas,RRT Inicial,Meio Ambiente,2024,6
2071,Monte Mor,Campinas,RRT Inicial,Conforto Ambiental,2024,2
2072,Monte Mor,Campinas,RRT Inicial,Urbanismo e Desenho Urbano,2024,48
2073,Monte Mor,Campinas,RRT Inicial,Arquitetura das Edificações,2024,253
2074,Monte Mor,Campinas,RRT Inicial,Instalações e Equipamentos Referentes ao Urbanismo,2024,1
2075,Monte Mor,Campinas,RRT Inicial,Planejamento Urbano e Regional,2024,0
2076,Morungaba,Campinas,RRT Inicial,Instalações e Equipamentos Referentes ao Urbanismo,2024,1
2077,Morungaba,Campinas,RRT Inicial,Conforto Ambiental,2024,8
2078,Morungaba,Campinas,RRT Inicial,Urbanismo e Desenho Urbano,2024,2
2079,Morungaba,Campinas,RRT Inicial,Arquitetura das Edificações,2024,35
2080,Nova Odessa,Campinas,RRT Inicial,Planejamento Urbano e Regional,2024,0
2081,Nova Odessa,Campinas,RRT Inicial,Instalações e Equipamentos Referentes ao Urbanismo,2024,1
2082,Nova Odessa,Campinas,RRT Inicial,"Patrimônio Arquitetônico, Urbanístico e Paisagístico",2024,0
2083,Nova Odessa,Campinas,RRT Inicial,Meio Ambiente,2024,0
2084,Nova Odessa,Campinas,RRT Inicial,Conforto Ambiental,2024,5
2085,Nova Odessa,Campinas,RRT Inicial,Urbanismo e Desenho Urbano,2024,14
2086,Nova Odessa,Campinas,RRT Inicial,Arquitetura das Edificações,2024,416
2087,Paulínia,Campinas,RRT Inicial,Instalações e Equipamentos Referentes ao Urbanismo,2024,12
2088,Paulínia,Campinas,RRT Inicial,Urbanismo e Desenho Urbano,2024,13
2089,Paulínia,Campinas,RRT Inicial,Arquitetura das Edificações,2024,1025
2090,Paulínia,Campinas,RRT Inicial,"Patrimônio Arquitetônico, Urbanístico e Paisagístico",2024,1
2091,Paulínia,Campinas,RRT Inicial,Meio Ambiente,2024,4
2092,Paulínia,Campinas,RRT Inicial,Conforto Ambiental,2024,13
2093,Pedreira,Campinas,RRT Inicial,Urbanismo e Desenho Urbano,2024,30
2094,Pedreira,Campinas,RRT Inicial,Arquitetura das Edificações,2024,126
2095,Pedreira,Campinas,RRT Inicial,Conforto Ambiental,2024,0
2096,Pedreira,Campinas,RRT Inicial,"Patrimônio Arquitetônico, Urbanístico e Paisagístico",2024,0
2097,Pedreira,Campinas,RRT Inicial,Instalações e Equipamentos Referentes ao Urbanismo,2024,0
2098,Pedreira,Campinas,RRT Inicial,Planejamento Urbano e Regional,2024,0
2099,Santa Bárbara d'Oeste,Campinas,RRT Inicial,"Patrimônio Arquitetônico, Urbanístico e Paisagístico",2024,2
2100,Santa Bárbara d'Oeste,Campinas,RRT Inicial,Urbanismo e Desenho Urbano,2024,25
2101,Santa Bárbara d'Oeste,Campinas,RRT Inicial,Arquitetura das Edificações,2024,537
2102,Santa Bárbara d'Oeste,Campinas,RRT Inicial,Conforto Ambiental,2024,20
2103,Santa Bárbara d'Oeste,Campinas,RRT Inicial,Instalações e Equipamentos Referentes ao Urbanismo,2024,2
2104,Santa Bárbara d'Oeste,Campinas,RRT Inicial,Meio Ambiente,2024,6
2105,Santo Antônio de Posse,Campinas,RRT Inicial,Planejamento Urbano e Regional,2024,0
2106,Santo Antônio de Posse,Campinas,RRT Inicial,Instalações e Equipamentos Referentes ao Urbanismo,2024,1
2107,Santo Antônio de Posse,Campinas,RRT Inicial,Urbanismo e Desenho Urbano,2024,4
2108,Santo Antônio de Posse,Campinas,RRT Inicial,Arquitetura das Edificações,2024,45
2109,Santo Antônio de Posse,Campinas,RRT Inicial,Conforto Ambiental,2024,3
2110,Sumaré,Campinas,RRT Inicial,Meio Ambiente,2024,3
2111,Sumaré,Campinas,RRT Inicial,"Patrimônio Arquitetônico, Urbanístico e Paisagístico",2024,0
2112,Sumaré,Campinas,RRT Inicial,Instalações e Equipamentos Referentes ao Urbanismo,2024,6
2113,Sumaré,Campinas,RRT Inicial,Urbanismo e Desenho Urbano,2024,14
2114,Sumaré,Campinas,RRT Inicial,Arquitetura das Edificações,2024,261
2115,Sumaré,Campinas,RRT Inicial,Conforto Ambiental,2024,6
2116,Sumaré,Campinas,RRT Inicial,Planejamento Urbano e Regional,2024,0
2117,Valinhos,Campinas,RRT Inicial,Instalações e Equipamentos Referentes ao Urbanismo,2024,13
2118,Valinhos,Campinas,RRT Inicial,Conforto Ambiental,2024,27
2119,Valinhos,Campinas,RRT Inicial,Meio Ambiente,2024,2
2120,Valinhos,Campinas,RRT Inicial,"Patrimônio Arquitetônico, Urbanístico e Paisagístico",2024,0
2121,Valinhos,Campinas,RRT Inicial,Planejamento Urbano e Regional,2024,6
2122,Valinhos,Campinas,RRT Inicial,Urbanismo e Desenho Urbano,2024,24
2123,Valinhos,Campinas,RRT Inicial,Arquitetura das Edificações,2024,688
2124,Vinhedo,Campinas,RRT Inicial,Instalações e Equipamentos Referentes ao Urbanismo,2024,31
2125,Vinhedo,Campinas,RRT Inicial,Conforto Ambiental,2024,11
2126,Vinhedo,Campinas,RRT Inicial,Meio Ambiente,2024,1
2127,Vinhedo,Campinas,RRT Inicial,"Patrimônio Arquitetônico, Urbanístico e Paisagístico",2024,1
2128,Vinhedo,Campinas,RRT Inicial,Urbanismo e Desenho Urbano,2024,15
2129,Vinhedo,Campinas,RRT Inicial,Arquitetura das Edificações,2024,763
2130,Alambari,Sorocaba,RRT Inicial,Planejamento Urbano e Regional,2024,0
2131,Alambari,Sorocaba,RRT Inicial,Instalações e Equipamentos Referentes ao Urbanismo,2024,0
2132,Alambari,Sorocaba,RRT Inicial,Urbanismo e Desenho Urbano,2024,0
2133,Alambari,Sorocaba,RRT Inicial,Arquitetura das Edificações,2024,12
2134,Alumínio,Sorocaba,RRT Inicial,"Patrimônio Arquitetônico, Urbanístico e Paisagístico",2024,0
2135,Alumínio,Sorocaba,RRT Inicial,Instalações e Equipamentos Referentes ao Urbanismo,2024,0
2136,Alumínio,Sorocaba,RRT Inicial,Conforto Ambiental,2024,0
2137,Alumínio,Sorocaba,RRT Inicial,Urbanismo e Desenho Urbano,2024,3
2138,Alumínio,Sorocaba,RRT Inicial,Arquitetura das Edificações,2024,54
2139,Araçariguama,Sorocaba,RRT Inicial,"Patrimônio Arquitetônico, Urbanístico e Paisagístico",2024,0
2140,Araçariguama,Sorocaba,RRT Inicial,Instalações e Equipamentos Referentes ao Urbanismo,2024,4
2141,Araçariguama,Sorocaba,RRT Inicial,Meio Ambiente,2024,1
2142,Araçariguama,Sorocaba,RRT Inicial,Urbanismo e Desenho Urbano,2024,7
2143,Araçariguama,Sorocaba,RRT Inicial,Arquitetura das Edificações,2024,121
2144,Araçariguama,Sorocaba,RRT Inicial,Planejamento Urbano e Regional,2024,0
2145,Araçariguama,Sorocaba,RRT Inicial,Conforto Ambiental,2024,4
2146,Araçoiaba da Serra,Sorocaba,RRT Inicial,"Patrimônio Arquitetônico, Urbanístico e Paisagístico",2024,0
2147,Araçoiaba da Serra,Sorocaba,RRT Inicial,Planejamento Urbano e Regional,2024,0
2148,Araçoiaba da Serra,Sorocaba,RRT Inicial,Urbanismo e Desenho Urbano,2024,53
2149,Araçoiaba da Serra,Sorocaba,RRT Inicial,Arquitetura das Edificações,2024,314
2150,Araçoiaba da Serra,Sorocaba,RRT Inicial,Conforto Ambiental,2024,1
2151,Araçoiaba da Serra,Sorocaba,RRT Inicial,Instalações e Equipamentos Referentes ao Urbanismo,2024,1
2152,Araçoiaba da Serra,Sorocaba,RRT Inicial,Meio Ambiente,2024,0
2153,Boituva,Sorocaba,RRT Inicial,Instalações e Equipamentos Referentes ao Urbanismo,2024,4
2154,Boituva,Sorocaba,RRT Inicial,Conforto Ambiental,2024,1
2155,Boituva,Sorocaba,RRT Inicial,Meio Ambiente,2024,3
2156,Boituva,Sorocaba,RRT Inicial,"Patrimônio Arquitetônico, Urbanístico e Paisagístico",2024,2
2157,Boituva,Sorocaba,RRT Inicial,Urbanismo e Desenho Urbano,2024,46
2158,Boituva,Sorocaba,RRT Inicial,Arquitetura das Edificações,2024,759
2159,Capela do Alto,Sorocaba,RRT Inicial,Urbanismo e Desenho Urbano,2024,4
2160,Capela do Alto,Sorocaba,RRT Inicial,Arquitetura das Edificações,2024,61
2161,Capela do Alto,Sorocaba,RRT Inicial,Planejamento Urbano e Regional,2024,0
2162,Capela do Alto,Sorocaba,RRT Inicial,Instalações e Equipamentos Referentes ao Urbanismo,2024,1
2163,Capela do Alto,Sorocaba,RRT Inicial,"Patrimônio Arquitetônico, Urbanístico e Paisagístico",2024,0
2164,Cerquilho,Sorocaba,RRT Inicial,"Patrimônio Arquitetônico, Urbanístico e Paisagístico",2024,0
2165,Cerquilho,Sorocaba,RRT Inicial,Planejamento Urbano e Regional,2024,0
2166,Cerquilho,Sorocaba,RRT Inicial,Urbanismo e Desenho Urbano,2024,17
2167,Cerquilho,Sorocaba,RRT Inicial,Arquitetura das Edificações,2024,249
2168,Cerquilho,Sorocaba,RRT Inicial,Conforto Ambiental,2024,1
2169,Cerquilho,Sorocaba,RRT Inicial,Instalações e Equipamentos Referentes ao Urbanismo,2024,0
2170,Cerquilho,Sorocaba,RRT Inicial,Meio Ambiente,2024,0
2171,Cesário Lange,Sorocaba,RRT Inicial,Urbanismo e Desenho Urbano,2024,2
2172,Cesário Lange,Sorocaba,RRT Inicial,Arquitetura das Edificações,2024,76
2173,Cesário Lange,Sorocaba,RRT Inicial,Conforto Ambiental,2024,2
2174,Cesário Lange,Sorocaba,RRT Inicial,Instalações e Equipamentos Referentes ao Urbanismo,2024,3
2175,Ibiúna,Sorocaba,RRT Inicial,"Patrimônio Arquitetônico, Urbanístico e Paisagístico",2024,2
2176,Ibiúna,Sorocaba,RRT Inicial,Conforto Ambiental,2024,7
2177,Ibiúna,Sorocaba,RRT Inicial,Urbanismo e Desenho Urbano,2024,8
2178,Ibiúna,Sorocaba,RRT Inicial,Arquitetura das Edificações,2024,202
2179,Ibiúna,Sorocaba,RRT Inicial,Instalações e Equipamentos Referentes ao Urbanismo,2024,1
2180,Iperó,Sorocaba,RRT Inicial,Conforto Ambiental,2024,1
2181,Iperó,Sorocaba,RRT Inicial,Urbanismo e Desenho Urbano,2024,26
2182,Iperó,Sorocaba,RRT Inicial,Arquitetura das Edificações,2024,94
2183,Iperó,Sorocaba,RRT Inicial,Instalações e Equipamentos Referentes ao Urbanismo,2024,0
2184,Iperó,Sorocaba,RRT Inicial,"Patrimônio Arquitetônico, Urbanístico e Paisagístico",2024,0
2185,Iperó,Sorocaba,RRT Inicial,Planejamento Urbano e Regional,2024,0
2186,Itapetininga,Sorocaba,RRT Inicial,Instalações e Equipamentos Referentes ao Urbanismo,2024,1
2187,Itapetininga,Sorocaba,RRT Inicial,"Patrimônio Arquitetônico, Urbanístico e Paisagístico",2024,0
2188,Itapetininga,Sorocaba,RRT Inicial,Meio Ambiente,2024,0
2189,Itapetininga,Sorocaba,RRT Inicial,Conforto Ambiental,2024,4
2190,Itapetininga,Sorocaba,RRT Inicial,Urbanismo e Desenho Urbano,2024,27
2191,Itapetininga,Sorocaba,RRT Inicial,Arquitetura das Edificações,2024,465
2192,Itu,Sorocaba,RRT Inicial,"Patrimônio Arquitetônico, Urbanístico e Paisagístico",2024,6
2193,Itu,Sorocaba,RRT Inicial,Instalações e Equipamentos Referentes ao Urbanismo,2024,15
2194,Itu,Sorocaba,RRT Inicial,Meio Ambiente,2024,2
2195,Itu,Sorocaba,RRT Inicial,Urbanismo e Desenho Urbano,2024,62
2196,Itu,Sorocaba,RRT Inicial,Arquitetura das Edificações,2024,1086
2197,Itu,Sorocaba,RRT Inicial,Planejamento Urbano e Regional,2024,2
2198,Itu,Sorocaba,RRT Inicial,Conforto Ambiental,2024,52
2199,Jumirim,Sorocaba,RRT Inicial,Instalações e Equipamentos Referentes ao Urbanismo,2024,0
2200,Jumirim,Sorocaba,RRT Inicial,Conforto Ambiental,2024,1
2201,Jumirim,Sorocaba,RRT Inicial,Urbanismo e Desenho Urbano,2024,1
2202,Jumirim,Sorocaba,RRT Inicial,Arquitetura das Edificações,2024,13
2203,Jumirim,Sorocaba,RRT Inicial,"Patrimônio Arquitetônico, Urbanístico e Paisagístico",2024,0
2204,Mairinque,Sorocaba,RRT Inicial,"Patrimônio Arquitetônico, Urbanístico e Paisagístico",2024,0
2205,Mairinque,Sorocaba,RRT Inicial,Instalações e Equipamentos Referentes ao Urbanismo,2024,4
2206,Mairinque,Sorocaba,RRT Inicial,Meio Ambiente,2024,1
2207,Mairinque,Sorocaba,RRT Inicial,Urbanismo e Desenho Urbano,2024,29
2208,Mairinque,Sorocaba,RRT Inicial,Arquitetura das Edificações,2024,181
2209,Mairinque,Sorocaba,RRT Inicial,Planejamento Urbano e Regional,2024,1
2210,Mairinque,Sorocaba,RRT Inicial,Conforto Ambiental,2024,1
2211,Piedade,Sorocaba,RRT Inicial,Urbanismo e Desenho Urbano,2024,8
2212,Piedade,Sorocaba,RRT Inicial,Arquitetura das Edificações,2024,145
2213,Piedade,Sorocaba,RRT Inicial,Meio Ambiente,2024,1
2214,Piedade,Sorocaba,RRT Inicial,Conforto Ambiental,2024,3
2215,Piedade,Sorocaba,RRT Inicial,"Patrimônio Arquitetônico, Urbanístico e Paisagístico",2024,0
2216,Piedade,Sorocaba,RRT Inicial,Instalações e Equipamentos Referentes ao Urbanismo,2024,3
2217,Pilar do Sul,Sorocaba,RRT Inicial,"Patrimônio Arquitetônico, Urbanístico e Paisagístico",2024,0
2218,Pilar do Sul,Sorocaba,RRT Inicial,Meio Ambiente,2024,1
2219,Pilar do Sul,Sorocaba,RRT Inicial,Planejamento Urbano e Regional,2024,0
2220,Pilar do Sul,Sorocaba,RRT Inicial,Instalações e Equipamentos Referentes ao Urbanismo,2024,0
2221,Pilar do Sul,Sorocaba,RRT Inicial,Conforto Ambiental,2024,0
2222,Pilar do Sul,Sorocaba,RRT Inicial,Urbanismo e Desenho Urbano,2024,1
2223,Pilar do Sul,Sorocaba,RRT Inicial,Arquitetura das Edificações,2024,67
2224,Porto Feliz,Sorocaba,RRT Inicial,Urbanismo e Desenho Urbano,2024,26
2225,Porto Feliz,Sorocaba,RRT Inicial,Arquitetura das Edificações,2024,563
2226,Porto Feliz,Sorocaba,RRT Inicial,Meio Ambiente,2024,2
2227,Porto Feliz,Sorocaba,RRT Inicial,Conforto Ambiental,2024,3
2228,Porto Feliz,Sorocaba,RRT Inicial,"Patrimônio Arquitetônico, Urbanístico e Paisagístico",2024,1
2229,Porto Feliz,Sorocaba,RRT Inicial,Instalações e Equipamentos Referentes ao Urbanismo,2024,4
2230,Porto Feliz,Sorocaba,RRT Inicial,Planejamento Urbano e Regional,2024,0
2231,Salto,Sorocaba,RRT Inicial,Urbanismo e Desenho Urbano,2024,75
2232,Salto,Sorocaba,RRT Inicial,Arquitetura das Edificações,2024,1408
2233,Salto,Sorocaba,RRT Inicial,Conforto Ambiental,2024,12
2234,Salto,Sorocaba,RRT Inicial,Meio Ambiente,2024,0
2235,Salto,Sorocaba,RRT Inicial,"Patrimônio Arquitetônico, Urbanístico e Paisagístico",2024,0
2236,Salto,Sorocaba,RRT Inicial,Instalações e Equipamentos Referentes ao Urbanismo,2024,3
2237,Salto de Pirapora,Sorocaba,RRT Inicial,"Patrimônio Arquitetônico, Urbanístico e Paisagístico",2024,0
2238,Salto de Pirapora,Sorocaba,RRT Inicial,Instalações e Equipamentos Referentes ao Urbanismo,2024,0
2239,Salto de Pirapora,Sorocaba,RRT Inicial,Urbanismo e Desenho Urbano,2024,2
2240,Salto de Pirapora,Sorocaba,RRT Inicial,Arquitetura das Edificações,2024,207
2241,Salto de Pirapora,Sorocaba,RRT Inicial,Conforto Ambiental,2024,0
2242,São Miguel Arcanjo,Sorocaba,RRT Inicial,Conforto Ambiental,2024,0
2243,São Miguel Arcanjo,Sorocaba,RRT Inicial,Meio Ambiente,2024,0
2244,São Miguel Arcanjo,Sorocaba,RRT Inicial,Urbanismo e Desenho Urbano,2024,2
2245,São Miguel Arcanjo,Sorocaba,RRT Inicial,Arquitetura das Edificações,2024,120
2246,São Miguel Arcanjo,Sorocaba,RRT Inicial,Instalações e Equipamentos Referentes ao Urbanismo,2024,1
2247,São Roque,Sorocaba,RRT Inicial,Instalações e Equipamentos Referentes ao Urbanismo,2024,7
2248,São Roque,Sorocaba,RRT Inicial,Planejamento Urbano e Regional,2024,2
2249,São Roque,Sorocaba,RRT Inicial,Conforto Ambiental,2024,15
2250,São Roque,Sorocaba,RRT Inicial,Meio Ambiente,2024,3
2251,São Roque,Sorocaba,RRT Inicial,Urbanismo e Desenho Urbano,2024,35
2252,São Roque,Sorocaba,RRT Inicial,Arquitetura das Edificações,2024,437
2253,São Roque,Sorocaba,RRT Inicial,"Patrimônio Arquitetônico, Urbanístico e Paisagístico",2024,1
2254,Sarapuí,Sorocaba,RRT Inicial,Planejamento Urbano e Regional,2024,0
2255,Sarapuí,Sorocaba,RRT Inicial,Urbanismo e Desenho Urbano,2024,51
2256,Sarapuí,Sorocaba,RRT Inicial,Arquitetura das Edificações,2024,65
2257,Sarapuí,Sorocaba,RRT Inicial,Instalações e Equipamentos Referentes ao Urbanismo,2024,0
2258,Sorocaba,Sorocaba,RRT Inicial,Conforto Ambiental,2024,97
2259,Sorocaba,Sorocaba,RRT Inicial,Meio Ambiente,2024,10
2260,Sorocaba,Sorocaba,RRT Inicial,Urbanismo e Desenho Urbano,2024,82
2261,Sorocaba,Sorocaba,RRT Inicial,Arquitetura das Edificações,2024,3686
2262,Sorocaba,Sorocaba,RRT Inicial,Instalações e Equipamentos Referentes ao Urbanismo,2024,20
2263,Sorocaba,Sorocaba,RRT Inicial,"Patrimônio Arquitetônico, Urbanístico e Paisagístico",2024,4
2264,Sorocaba,Sorocaba,RRT Inicial,Planejamento Urbano e Regional,2024,1
2265,Tapiraí,Sorocaba,RRT Inicial,Urbanismo e Desenho Urbano,2024,1
2266,Tapiraí,Sorocaba,RRT Inicial,Arquitetura das Edificações,2024,10
2267,Tapiraí,Sorocaba,RRT Inicial,Instalações e Equipamentos Referentes ao Urbanismo,2024,1
2268,Tatuí,Sorocaba,RRT Inicial,Meio Ambiente,2024,1
2269,Tatuí,Sorocaba,RRT Inicial,Conforto Ambiental,2024,2
2270,Tatuí,Sorocaba,RRT Inicial,Urbanismo e Desenho Urbano,2024,18
2271,Tatuí,Sorocaba,RRT Inicial,Arquitetura das Edificações,2024,463
2272,Tatuí,Sorocaba,RRT Inicial,Planejamento Urbano e Regional,2024,1
2273,Tatuí,Sorocaba,RRT Inicial,Instalações e Equipamentos Referentes ao Urbanismo,2024,1
2274,Tatuí,Sorocaba,RRT Inicial,"Patrimônio Arquitetônico, Urbanístico e Paisagístico",2024,0
2275,Tietê,Sorocaba,RRT Inicial,Urbanismo e Desenho Urbano,2024,26
2276,Tietê,Sorocaba,RRT Inicial,Arquitetura das Edificações,2024,182
2277,Tietê,Sorocaba,RRT Inicial,Meio Ambiente,2024,0
2278,Tietê,Sorocaba,RRT Inicial,Conforto Ambiental,2024,0
2279,Tietê,Sorocaba,RRT Inicial,"Patrimônio Arquitetônico, Urbanístico e Paisagístico",2024,0
2280,Tietê,Sorocaba,RRT Inicial,Instalações e Equipamentos Referentes ao Urbanismo,2024,1
2281,Tietê,Sorocaba,RRT Inicial,Planejamento Urbano e Regional,2024,0
2282,Votorantim,Sorocaba,RRT Inicial,Conforto Ambiental,2024,18
2283,Votorantim,Sorocaba,RRT Inicial,Meio Ambiente,2024,5
2284,Votorantim,Sorocaba,RRT Inicial,Urbanismo e Desenho Urbano,2024,25
2285,Votorantim,Sorocaba,RRT Inicial,Arquitetura das Edificações,2024,746
2286,Votorantim,Sorocaba,RRT Inicial,Instalações e Equipamentos Referentes ao Urbanismo,2024,5
2287,Votorantim,Sorocaba,RRT Inicial,Planejamento Urbano e Regional,2024,0
2288,Diadema,ABC,RRT Social,,2024,24
2289,Diadema,ABC,Empresa,,2024,23
2290,Diadema,ABC,Profissional,,2024,210
2291,Mauá,ABC,RRT Social,,2024,2
2292,Mauá,ABC,Empresa,,2024,36
2293,Mauá,ABC,Profissional,,2024,227
2294,Ribeirão Pires,ABC,RRT Social,,2024,2
2295,Ribeirão Pires,ABC,Empresa,,2024,19
2296,Ribeirão Pires,ABC,Profissional,,2024,136
2297,Rio Grande da Serra,ABC,RRT Social,,2024,0
2298,Rio Grande da Serra,ABC,Empresa,,2024,2
2299,Rio Grande da Serra,ABC,Profissional,,2024,19
2300,Santo André,ABC,RRT Social,,2024,3
2301,Santo André,ABC,Empresa,,2024,193
2302,Santo André,ABC,Profissional,,2024,1351
2303,São Bernardo do Campo,ABC,RRT Social,,2024,1
2304,São Bernardo do Campo,ABC,Empresa,,2024,130
2305,São Bernardo do Campo,ABC,Profissional,,2024,1223
2306,São Caetano do Sul,ABC,RRT Social,,2024,1
2307,São Caetano do Sul,ABC,Empresa,,2024,123
2308,São Caetano do Sul,ABC,Profissional,,2024,599
2309,Americana,Campinas,RRT Social,,2024,1
2310,Americana,Campinas,Empresa,,2024,49
2311,Americana,Campinas,Profissional,,2024,348
2312,Artur Nogueira,Campinas,RRT Social,,2024,2
2313,Artur Nogueira,Campinas,Empresa,,2024,6
2314,Artur Nogueira,Campinas,Profissional,,2024,47
2315,Campinas,Campinas,RRT Social,,2024,5
2316,Campinas,Campinas,Empresa,,2024,336
2317,Campinas,Campinas,Profissional,,2024,2162
2318,Cosmópolis,Campinas,RRT Social,,2024,0
2319,Cosmópolis,Campinas,Empresa,,2024,1
2320,Cosmópolis,Campinas,Profissional,,2024,25
2321,Engenheiro Coelho,Campinas,RRT Social,,2024,1
2322,Engenheiro Coelho,Campinas,Empresa,,2024,2
2323,Engenheiro Coelho,Campinas,Profissional,,2024,15
2324,Holambra,Campinas,RRT Social,,2024,0
2325,Holambra,Campinas,Empresa,,2024,5
2326,Holambra,Campinas,Profissional,,2024,28
2327,Hortolândia,Campinas,RRT Social,,2024,14
2328,Hortolândia,Campinas,Empresa,,2024,13
2329,Hortolândia,Campinas,Profissional,,2024,107
2330,Indaiatuba,Campinas,RRT Social,,2024,3
2331,Indaiatuba,Campinas,Empresa,,2024,52
2332,Indaiatuba,Campinas,Profissional,,2024,530
2333,Itatiba,Campinas,RRT Social,,2024,0
2334,Itatiba,Campinas,Empresa,,2024,32
2335,Itatiba,Campinas,Profissional,,2024,238
2336,Jaguariúna,Campinas,RRT Social,,2024,6
2337,Jaguariúna,Campinas,Empresa,,2024,5
2338,Jaguariúna,Campinas,Profissional,,2024,55
2339,Monte Mor,Campinas,RRT Social,,2024,0
2340,Monte Mor,Campinas,Empresa,,2024,5
2341,Monte Mor,Campinas,Profissional,,2024,25
2342,Morungaba,Campinas,RRT Social,,2024,0
2343,Morungaba,Campinas,Empresa,,2024,2
2344,Morungaba,Campinas,Profissional,,2024,7
2345,Nova Odessa,Campinas,RRT Social,,2024,0
2346,Nova Odessa,Campinas,Empresa,,2024,4
2347,Nova Odessa,Campinas,Profissional,,2024,37
2348,Paulínia,Campinas,RRT Social,,2024,2
2349,Paulínia,Campinas,Empresa,,2024,16
2350,Paulínia,Campinas,Profissional,,2024,149
2351,Pedreira,Campinas,RRT Social,,2024,0
2352,Pedreira,Campinas,Empresa,,2024,1
2353,Pedreira,Campinas,Profissional,,2024,31
2354,Santa Bárbara d'Oeste,Campinas,RRT Social,,2024,0
2355,Santa Bárbara d'Oeste,Campinas,Empresa,,2024,14
2356,Santa Bárbara d'Oeste,Campinas,Profissional,,2024,158
2357,Santo Antônio de Posse,Campinas,RRT Social,,2024,0
2358,Santo Antônio de Posse,Campinas,Empresa,,2024,3
2359,Santo Antônio de Posse,Campinas,Profissional,,2024,17
2360,Sumaré,Campinas,RRT Social,,2024,1
2361,Sumaré,Campinas,Empresa,,2024,12
2362,Sumaré,Campinas,Profissional,,2024,96
2363,Valinhos,Campinas,RRT Social,,2024,1
2364,Valinhos,Campinas,Empresa,,2024,36
2365,Valinhos,Campinas,Profissional,,2024,242
2366,Vinhedo,Campinas,RRT Social,,2024,0
2367,Vinhedo,Campinas,Empresa,,2024,22
2368,Vinhedo,Campinas,Profissional,,2024,208
2369,Alambari,Sorocaba,RRT Social,,2024,0
2370,Alambari,Sorocaba,Empresa,,2024,1
2371,Alambari,Sorocaba,Profissional,,2024,1
2372,Alumínio,Sorocaba,RRT Social,,2024,0
2373,Alumínio,Sorocaba,Empresa,,2024,0
2374,Alumínio,Sorocaba,Profissional,,2024,7
2375,Araçariguama,Sorocaba,RRT Social,,2024,0
2376,Araçariguama,Sorocaba,Empresa,,2024,6
2377,Araçariguama,Sorocaba,Profissional,,2024,15
2378,Araçoiaba da Serra,Sorocaba,RRT Social,,2024,0
2379,Araçoiaba da Serra,Sorocaba,Empresa,,2024,1
2380,Araçoiaba da Serra,Sorocaba,Profissional,,2024,38
2381,Boituva,Sorocaba,RRT Social,,2024,0
2382,Boituva,Sorocaba,Empresa,,2024,11
2383,Boituva,Sorocaba,Profissional,,2024,79
2384,Capela do Alto,Sorocaba,RRT Social,,2024,0
2385,Capela do Alto,Sorocaba,Empresa,,2024,2
2386,Capela do Alto,Sorocaba,Profissional,,2024,10
2387,Cerquilho,Sorocaba,RRT Social,,2024,3
2388,Cerquilho,Sorocaba,Empresa,,2024,6
2389,Cerquilho,Sorocaba,Profissional,,2024,46
2390,Cesário Lange,Sorocaba,RRT Social,,2024,0
2391,Cesário Lange,Sorocaba,Empresa,,2024,0
2392,Cesário Lange,Sorocaba,Profissional,,2024,5
2393,Ibiúna,Sorocaba,RRT Social,,2024,0
2394,Ibiúna,Sorocaba,Empresa,,2024,6
2395,Ibiúna,Sorocaba,Profissional,,2024,32
2396,Iperó,Sorocaba,RRT Social,,2024,3
2397,Iperó,Sorocaba,Empresa,,2024,2
2398,Iperó,Sorocaba,Profissional,,2024,15
2399,Itapetininga,Sorocaba,RRT Social,,2024,0
2400,Itapetininga,Sorocaba,Empresa,,2024,21
2401,Itapetininga,Sorocaba,Profissional,,2024,106
2402,Itu,Sorocaba,RRT Social,,2024,2
2403,Itu,Sorocaba,Empresa,,2024,48
2404,Itu,Sorocaba,Profissional,,2024,291
2405,Jumirim,Sorocaba,RRT Social,,2024,1
2406,Jumirim,Sorocaba,Empresa,,2024,2
2407,Jumirim,Sorocaba,Profissional,,2024,1
2408,Mairinque,Sorocaba,RRT Social,,2024,0
2409,Mairinque,Sorocaba,Empresa,,2024,2
2410,Mairinque,Sorocaba,Profissional,,2024,26
2411,Piedade,Sorocaba,RRT Social,,2024,0
2412,Piedade,Sorocaba,Empresa,,2024,3
2413,Piedade,Sorocaba,Profissional,,2024,25
2414,Pilar do Sul,Sorocaba,RRT Social,,2024,0
2415,Pilar do Sul,Sorocaba,Empresa,,2024,3
2416,Pilar do Sul,Sorocaba,Profissional,,2024,18
2417,Porto Feliz,Sorocaba,RRT Social,,2024,15
2418,Porto Feliz,Sorocaba,Empresa,,2024,11
2419,Porto Feliz,Sorocaba,Profissional,,2024,74
2420,Salto,Sorocaba,RRT Social,,2024,7
2421,Salto,Sorocaba,Empresa,,2024,23
2422,Salto,Sorocaba,Profissional,,2024,170
2423,Salto de Pirapora,Sorocaba,RRT Social,,2024,0
2424,Salto de Pirapora,Sorocaba,Empresa,,2024,4
2425,Salto de Pirapora,Sorocaba,Profissional,,2024,22
2426,São Miguel Arcanjo,Sorocaba,RRT Social,,2024,0
2427,São Miguel Arcanjo,Sorocaba,Empresa,,2024,2
2428,São Miguel Arcanjo,Sorocaba,Profissional,,2024,14
2429,São Roque,Sorocaba,RRT Social,,2024,2
2430,São Roque,Sorocaba,Empresa,,2024,20
2431,São Roque,Sorocaba,Profissional,,2024,107
2432,Sarapuí,Sorocaba,RRT Social,,2024,0
2433,Sarapuí,Sorocaba,Empresa,,2024,0
2434,Sarapuí,Sorocaba,Profissional,,2024,6
2435,Sorocaba,Sorocaba,RRT Social,,2024,12
2436,Sorocaba,Sorocaba,Empresa,,2024,158
2437,Sorocaba,Sorocaba,Profissional,,2024,1097
2438,Tapiraí,Sorocaba,RRT Social,,2024,0
2439,Tapiraí,Sorocaba,Empresa,,2024,0
2440,Tapiraí,Sorocaba,Profissional,,2024,3
2441,Tatuí,Sorocaba,RRT Social,,2024,0
2442,Tatuí,Sorocaba,Empresa,,2024,11
2443,Tatuí,Sorocaba,Profissional,,2024,84
2444,Tietê,Sorocaba,RRT Social,,2024,0
2445,Tietê,Sorocaba,Empresa,,2024,3
2446,Tietê,Sorocaba,Profissional,,2024,50
2447,Votorantim,Sorocaba,RRT Social,,2024,3
2448,Votorantim,Sorocaba,Empresa,,2024,14
2449,Votorantim,Sorocaba,Profissional,,2024,117
2450,Diadema,ABC,RRT Inicial,Meio Ambiente,2025,21
2451,Diadema,ABC,RRT Inicial,Conforto Ambiental,2025,14
2452,Diadema,ABC,RRT Inicial,Urbanismo e Desenho Urbano,2025,21
2453,Diadema,ABC,RRT Inicial,Arquitetura das Edificações,2025,479
2454,Diadema,ABC,RRT Inicial,Planejamento Urbano e Regional,2025,1
2455,Diadema,ABC,RRT Inicial,Instalações e Equipamentos Referentes ao Urbanismo,2025,51
2456,Diadema,ABC,RRT Inicial,"Patrimônio Arquitetônico, Urbanístico e Paisagístico",2025,4
2457,Mauá,ABC,RRT Inicial,Meio Ambiente,2025,14
2458,Mauá,ABC,RRT Inicial,Conforto Ambiental,2025,14
2459,Mauá,ABC,RRT Inicial,Urbanismo e Desenho Urbano,2025,38
2460,Mauá,ABC,RRT Inicial,Arquitetura das Edificações,2025,641
2461,Mauá,ABC,RRT Inicial,Planejamento Urbano e Regional,2025,2
2462,Mauá,ABC,RRT Inicial,Instalações e Equipamentos Referentes ao Urbanismo,2025,81
2463,Mauá,ABC,RRT Inicial,"Patrimônio Arquitetônico, Urbanístico e Paisagístico",2025,0
2464,Ribeirão Pires,ABC,RRT Inicial,Conforto Ambiental,2025,5
2465,Ribeirão Pires,ABC,RRT Inicial,"Patrimônio Arquitetônico, Urbanístico e Paisagístico",2025,2
2466,Ribeirão Pires,ABC,RRT Inicial,Urbanismo e Desenho Urbano,2025,94
2467,Ribeirão Pires,ABC,RRT Inicial,Arquitetura das Edificações,2025,410
2468,Ribeirão Pires,ABC,RRT Inicial,Meio Ambiente,2025,3
2469,Ribeirão Pires,ABC,RRT Inicial,Instalações e Equipamentos Referentes ao Urbanismo,2025,10
2470,Rio Grande da Serra,ABC,RRT Inicial,"Patrimônio Arquitetônico, Urbanístico e Paisagístico",2025,0
2471,Rio Grande da Serra,ABC,RRT Inicial,Conforto Ambiental,2025,1
2472,Rio Grande da Serra,ABC,RRT Inicial,Arquitetura das Edificações,2025,45
2473,Rio Grande da Serra,ABC,RRT Inicial,Urbanismo e Desenho Urbano,2025,7
2474,Rio Grande da Serra,ABC,RRT Inicial,Instalações e Equipamentos Referentes ao Urbanismo,2025,6
2475,Santo André,ABC,RRT Inicial,Planejamento Urbano e Regional,2025,5
2476,Santo André,ABC,RRT Inicial,Instalações e Equipamentos Referentes ao Urbanismo,2025,56
2477,Santo André,ABC,RRT Inicial,Urbanismo e Desenho Urbano,2025,109
2478,Santo André,ABC,RRT Inicial,Arquitetura das Edificações,2025,2875
2479,Santo André,ABC,RRT Inicial,"Patrimônio Arquitetônico, Urbanístico e Paisagístico",2025,7
2480,Santo André,ABC,RRT Inicial,Conforto Ambiental,2025,114
2481,Santo André,ABC,RRT Inicial,Meio Ambiente,2025,34
2482,São Bernardo do Campo,ABC,RRT Inicial,Urbanismo e Desenho Urbano,2025,69
2483,São Bernardo do Campo,ABC,RRT Inicial,Arquitetura das Edificações,2025,2057
2484,São Bernardo do Campo,ABC,RRT Inicial,Conforto Ambiental,2025,61
2485,São Bernardo do Campo,ABC,RRT Inicial,Meio Ambiente,2025,9
2486,São Bernardo do Campo,ABC,RRT Inicial,Planejamento Urbano e Regional,2025,3
2487,São Bernardo do Campo,ABC,RRT Inicial,"Patrimônio Arquitetônico, Urbanístico e Paisagístico",2025,7
2488,São Bernardo do Campo,ABC,RRT Inicial,Instalações e Equipamentos Referentes ao Urbanismo,2025,24
2489,São Caetano do Sul,ABC,RRT Inicial,"Patrimônio Arquitetônico, Urbanístico e Paisagístico",2025,4
2490,São Caetano do Sul,ABC,RRT Inicial,Instalações e Equipamentos Referentes ao Urbanismo,2025,4
2491,São Caetano do Sul,ABC,RRT Inicial,Meio Ambiente,2025,0
2492,São Caetano do Sul,ABC,RRT Inicial,Urbanismo e Desenho Urbano,2025,23
2493,São Caetano do Sul,ABC,RRT Inicial,Arquitetura das Edificações,2025,1058
2494,São Caetano do Sul,ABC,RRT Inicial,Planejamento Urbano e Regional,2025,1
2495,São Caetano do Sul,ABC,RRT Inicial,Conforto Ambiental,2025,71
2496,Americana,Campinas,RRT Inicial,"Patrimônio Arquitetônico, Urbanístico e Paisagístico",2025,4
2497,Americana,Campinas,RRT Inicial,Instalações e Equipamentos Referentes ao Urbanismo,2025,6
2498,Americana,Campinas,RRT Inicial,Meio Ambiente,2025,5
2499,Americana,Campinas,RRT Inicial,Urbanismo e Desenho Urbano,2025,58
2500,Americana,Campinas,RRT Inicial,Arquitetura das Edificações,2025,1200
2501,Americana,Campinas,RRT Inicial,Planejamento Urbano e Regional,2025,0
2502,Americana,Campinas,RRT Inicial,Conforto Ambiental,2025,41
2503,Artur Nogueira,Campinas,RRT Inicial,"Patrimônio Arquitetônico, Urbanístico e Paisagístico",2025,0
2504,Artur Nogueira,Campinas,RRT Inicial,Conforto Ambiental,2025,0
2505,Artur Nogueira,Campinas,RRT Inicial,Urbanismo e Desenho Urbano,2025,16
2506,Artur Nogueira,Campinas,RRT Inicial,Arquitetura das Edificações,2025,236
2507,Artur Nogueira,Campinas,RRT Inicial,Instalações e Equipamentos Referentes ao Urbanismo,2025,1
2508,Artur Nogueira,Campinas,RRT Inicial,Planejamento Urbano e Regional,2025,0
2509,Artur Nogueira,Campinas,RRT Inicial,Meio Ambiente,2025,0
2510,Campinas,Campinas,RRT Inicial,"Patrimônio Arquitetônico, Urbanístico e Paisagístico",2025,18
2511,Campinas,Campinas,RRT Inicial,Meio Ambiente,2025,35
2512,Campinas,Campinas,RRT Inicial,Planejamento Urbano e Regional,2025,7
2513,Campinas,Campinas,RRT Inicial,Instalações e Equipamentos Referentes ao Urbanismo,2025,150
2514,Campinas,Campinas,RRT Inicial,Conforto Ambiental,2025,314
2515,Campinas,Campinas,RRT Inicial,Urbanismo e Desenho Urbano,2025,133
2516,Campinas,Campinas,RRT Inicial,Arquitetura das Edificações,2025,4537
2517,Cosmópolis,Campinas,RRT Inicial,Conforto Ambiental,2025,1
2518,Cosmópolis,Campinas,RRT Inicial,Urbanismo e Desenho Urbano,2025,10
2519,Cosmópolis,Campinas,RRT Inicial,Arquitetura das Edificações,2025,76
2520,Cosmópolis,Campinas,RRT Inicial,Planejamento Urbano e Regional,2025,0
2521,Cosmópolis,Campinas,RRT Inicial,Instalações e Equipamentos Referentes ao Urbanismo,2025,2
2522,Engenheiro Coelho,Campinas,RRT Inicial,Conforto Ambiental,2025,0
2523,Engenheiro Coelho,Campinas,RRT Inicial,Planejamento Urbano e Regional,2025,0
2524,Engenheiro Coelho,Campinas,RRT Inicial,"Patrimônio Arquitetônico, Urbanístico e Paisagístico",2025,0
2525,Engenheiro Coelho,Campinas,RRT Inicial,Urbanismo e Desenho Urbano,2025,8
2526,Engenheiro Coelho,Campinas,RRT Inicial,Arquitetura das Edificações,2025,115
2527,Engenheiro Coelho,Campinas,RRT Inicial,Meio Ambiente,2025,0
2528,Engenheiro Coelho,Campinas,RRT Inicial,Instalações e Equipamentos Referentes ao Urbanismo,2025,0
2529,Holambra,Campinas,RRT Inicial,Meio Ambiente,2025,0
2530,Holambra,Campinas,RRT Inicial,Instalações e Equipamentos Referentes ao Urbanismo,2025,1
2531,Holambra,Campinas,RRT Inicial,Urbanismo e Desenho Urbano,2025,9
2532,Holambra,Campinas,RRT Inicial,Arquitetura das Edificações,2025,393
2533,Holambra,Campinas,RRT Inicial,Conforto Ambiental,2025,33
2534,Holambra,Campinas,RRT Inicial,Planejamento Urbano e Regional,2025,1
2535,Hortolândia,Campinas,RRT Inicial,Conforto Ambiental,2025,28
2536,Hortolândia,Campinas,RRT Inicial,Planejamento Urbano e Regional,2025,0
2537,Hortolândia,Campinas,RRT Inicial,Urbanismo e Desenho Urbano,2025,28
2538,Hortolândia,Campinas,RRT Inicial,Arquitetura das Edificações,2025,764
2539,Hortolândia,Campinas,RRT Inicial,Meio Ambiente,2025,4
2540,Hortolândia,Campinas,RRT Inicial,Instalações e Equipamentos Referentes ao Urbanismo,2025,10
2541,Indaiatuba,Campinas,RRT Inicial,Instalações e Equipamentos Referentes ao Urbanismo,2025,12
2542,Indaiatuba,Campinas,RRT Inicial,Conforto Ambiental,2025,101
2543,Indaiatuba,Campinas,RRT Inicial,Meio Ambiente,2025,8
2544,Indaiatuba,Campinas,RRT Inicial,"Patrimônio Arquitetônico, Urbanístico e Paisagístico",2025,0
2545,Indaiatuba,Campinas,RRT Inicial,Urbanismo e Desenho Urbano,2025,42
2546,Indaiatuba,Campinas,RRT Inicial,Arquitetura das Edificações,2025,2449
2547,Itatiba,Campinas,RRT Inicial,Urbanismo e Desenho Urbano,2025,23
2548,Itatiba,Campinas,RRT Inicial,Arquitetura das Edificações,2025,745
2549,Itatiba,Campinas,RRT Inicial,Planejamento Urbano e Regional,2025,0
2550,Itatiba,Campinas,RRT Inicial,Meio Ambiente,2025,12
2551,Itatiba,Campinas,RRT Inicial,Conforto Ambiental,2025,20
2552,Itatiba,Campinas,RRT Inicial,Instalações e Equipamentos Referentes ao Urbanismo,2025,3
2553,Itatiba,Campinas,RRT Inicial,"Patrimônio Arquitetônico, Urbanístico e Paisagístico",2025,3
2554,Jaguariúna,Campinas,RRT Inicial,Planejamento Urbano e Regional,2025,1
2555,Jaguariúna,Campinas,RRT Inicial,Instalações e Equipamentos Referentes ao Urbanismo,2025,7
2556,Jaguariúna,Campinas,RRT Inicial,Urbanismo e Desenho Urbano,2025,40
2557,Jaguariúna,Campinas,RRT Inicial,Arquitetura das Edificações,2025,406
2558,Jaguariúna,Campinas,RRT Inicial,"Patrimônio Arquitetônico, Urbanístico e Paisagístico",2025,0
2559,Jaguariúna,Campinas,RRT Inicial,Conforto Ambiental,2025,15
2560,Jaguariúna,Campinas,RRT Inicial,Meio Ambiente,2025,2
2561,Monte Mor,Campinas,RRT Inicial,Conforto Ambiental,2025,4
2562,Monte Mor,Campinas,RRT Inicial,Urbanismo e Desenho Urbano,2025,19
2563,Monte Mor,Campinas,RRT Inicial,Arquitetura das Edificações,2025,241
2564,Monte Mor,Campinas,RRT Inicial,Instalações e Equipamentos Referentes ao Urbanismo,2025,0
2565,Monte Mor,Campinas,RRT Inicial,Planejamento Urbano e Regional,2025,0
2566,Morungaba,Campinas,RRT Inicial,Instalações e Equipamentos Referentes ao Urbanismo,2025,0
2567,Morungaba,Campinas,RRT Inicial,Conforto Ambiental,2025,7
2568,Morungaba,Campinas,RRT Inicial,Urbanismo e Desenho Urbano,2025,1
2569,Morungaba,Campinas,RRT Inicial,Arquitetura das Edificações,2025,38
2570,Nova Odessa,Campinas,RRT Inicial,Planejamento Urbano e Regional,2025,0
2571,Nova Odessa,Campinas,RRT Inicial,Instalações e Equipamentos Referentes ao Urbanismo,2025,5
2572,Nova Odessa,Campinas,RRT Inicial,"Patrimônio Arquitetônico, Urbanístico e Paisagístico",2025,1
2573,Nova Odessa,Campinas,RRT Inicial,Meio Ambiente,2025,0
2574,Nova Odessa,Campinas,RRT Inicial,Conforto Ambiental,2025,5
2575,Nova Odessa,Campinas,RRT Inicial,Urbanismo e Desenho Urbano,2025,5
2576,Nova Odessa,Campinas,RRT Inicial,Arquitetura das Edificações,2025,414
2577,Paulínia,Campinas,RRT Inicial,Instalações e Equipamentos Referentes ao Urbanismo,2025,3
2578,Paulínia,Campinas,RRT Inicial,Urbanismo e Desenho Urbano,2025,18
2579,Paulínia,Campinas,RRT Inicial,Arquitetura das Edificações,2025,1001
2580,Paulínia,Campinas,RRT Inicial,"Patrimônio Arquitetônico, Urbanístico e Paisagístico",2025,0
2581,Paulínia,Campinas,RRT Inicial,Meio Ambiente,2025,2
2582,Paulínia,Campinas,RRT Inicial,Conforto Ambiental,2025,10
2583,Pedreira,Campinas,RRT Inicial,Urbanismo e Desenho Urbano,2025,18
2584,Pedreira,Campinas,RRT Inicial,Arquitetura das Edificações,2025,131
2585,Pedreira,Campinas,RRT Inicial,Conforto Ambiental,2025,2
2586,Pedreira,Campinas,RRT Inicial,"Patrimônio Arquitetônico, Urbanístico e Paisagístico",2025,1
2587,Pedreira,Campinas,RRT Inicial,Instalações e Equipamentos Referentes ao Urbanismo,2025,4
2588,Pedreira,Campinas,RRT Inicial,Planejamento Urbano e Regional,2025,0
2589,Santa Bárbara d'Oeste,Campinas,RRT Inicial,"Patrimônio Arquitetônico, Urbanístico e Paisagístico",2025,3
2590,Santa Bárbara d'Oeste,Campinas,RRT Inicial,Urbanismo e Desenho Urbano,2025,25
2591,Santa Bárbara d'Oeste,Campinas,RRT Inicial,Arquitetura das Edificações,2025,621
2592,Santa Bárbara d'Oeste,Campinas,RRT Inicial,Conforto Ambiental,2025,14
2593,Santa Bárbara d'Oeste,Campinas,RRT Inicial,Instalações e Equipamentos Referentes ao Urbanismo,2025,1
2594,Santa Bárbara d'Oeste,Campinas,RRT Inicial,Meio Ambiente,2025,5
2595,Santo Antônio de Posse,Campinas,RRT Inicial,Planejamento Urbano e Regional,2025,0
2596,Santo Antônio de Posse,Campinas,RRT Inicial,Instalações e Equipamentos Referentes ao Urbanismo,2025,3
2597,Santo Antônio de Posse,Campinas,RRT Inicial,Urbanismo e Desenho Urbano,2025,3
2598,Santo Antônio de Posse,Campinas,RRT Inicial,Arquitetura das Edificações,2025,62
2599,Santo Antônio de Posse,Campinas,RRT Inicial,Conforto Ambiental,2025,3
2600,Sumaré,Campinas,RRT Inicial,Meio Ambiente,2025,2
2601,Sumaré,Campinas,RRT Inicial,"Patrimônio Arquitetônico, Urbanístico e Paisagístico",2025,0
2602,Sumaré,Campinas,RRT Inicial,Instalações e Equipamentos Referentes ao Urbanismo,2025,5
2603,Sumaré,Campinas,RRT Inicial,Urbanismo e Desenho Urbano,2025,40
2604,Sumaré,Campinas,RRT Inicial,Arquitetura das Edificações,2025,346
2605,Sumaré,Campinas,RRT Inicial,Conforto Ambiental,2025,12
2606,Sumaré,Campinas,RRT Inicial,Planejamento Urbano e Regional,2025,0
2607,Valinhos,Campinas,RRT Inicial,Instalações e Equipamentos Referentes ao Urbanismo,2025,5
2608,Valinhos,Campinas,RRT Inicial,Conforto Ambiental,2025,20
2609,Valinhos,Campinas,RRT Inicial,Meio Ambiente,2025,2
2610,Valinhos,Campinas,RRT Inicial,"Patrimônio Arquitetônico, Urbanístico e Paisagístico",2025,1
2611,Valinhos,Campinas,RRT Inicial,Planejamento Urbano e Regional,2025,5
2612,Valinhos,Campinas,RRT Inicial,Urbanismo e Desenho Urbano,2025,14
2613,Valinhos,Campinas,RRT Inicial,Arquitetura das Edificações,2025,601
2614,Vinhedo,Campinas,RRT Inicial,Instalações e Equipamentos Referentes ao Urbanismo,2025,26
2615,Vinhedo,Campinas,RRT Inicial,Conforto Ambiental,2025,8
2616,Vinhedo,Campinas,RRT Inicial,Meio Ambiente,2025,0
2617,Vinhedo,Campinas,RRT Inicial,"Patrimônio Arquitetônico, Urbanístico e Paisagístico",2025,0
2618,Vinhedo,Campinas,RRT Inicial,Urbanismo e Desenho Urbano,2025,17
2619,Vinhedo,Campinas,RRT Inicial,Arquitetura das Edificações,2025,714
2620,Alambari,Sorocaba,RRT Inicial,Planejamento Urbano e Regional,2025,0
2621,Alambari,Sorocaba,RRT Inicial,Instalações e Equipamentos Referentes ao Urbanismo,2025,0
2622,Alambari,Sorocaba,RRT Inicial,Urbanismo e Desenho Urbano,2025,2
2623,Alambari,Sorocaba,RRT Inicial,Arquitetura das Edificações,2025,14
2624,Alumínio,Sorocaba,RRT Inicial,"Patrimônio Arquitetônico, Urbanístico e Paisagístico",2025,1
2625,Alumínio,Sorocaba,RRT Inicial,Instalações e Equipamentos Referentes ao Urbanismo,2025,1
2626,Alumínio,Sorocaba,RRT Inicial,Conforto Ambiental,2025,0
2627,Alumínio,Sorocaba,RRT Inicial,Urbanismo e Desenho Urbano,2025,3
2628,Alumínio,Sorocaba,RRT Inicial,Arquitetura das Edificações,2025,94
2629,Araçariguama,Sorocaba,RRT Inicial,"Patrimônio Arquitetônico, Urbanístico e Paisagístico",2025,0
2630,Araçariguama,Sorocaba,RRT Inicial,Instalações e Equipamentos Referentes ao Urbanismo,2025,3
2631,Araçariguama,Sorocaba,RRT Inicial,Meio Ambiente,2025,0
2632,Araçariguama,Sorocaba,RRT Inicial,Urbanismo e Desenho Urbano,2025,6
2633,Araçariguama,Sorocaba,RRT Inicial,Arquitetura das Edificações,2025,105
2634,Araçariguama,Sorocaba,RRT Inicial,Planejamento Urbano e Regional,2025,0
2635,Araçariguama,Sorocaba,RRT Inicial,Conforto Ambiental,2025,3
2636,Araçoiaba da Serra,Sorocaba,RRT Inicial,"Patrimônio Arquitetônico, Urbanístico e Paisagístico",2025,1
2637,Araçoiaba da Serra,Sorocaba,RRT Inicial,Planejamento Urbano e Regional,2025,0
2638,Araçoiaba da Serra,Sorocaba,RRT Inicial,Urbanismo e Desenho Urbano,2025,26
2639,Araçoiaba da Serra,Sorocaba,RRT Inicial,Arquitetura das Edificações,2025,362
2640,Araçoiaba da Serra,Sorocaba,RRT Inicial,Conforto Ambiental,2025,0
2641,Araçoiaba da Serra,Sorocaba,RRT Inicial,Instalações e Equipamentos Referentes ao Urbanismo,2025,3
2642,Araçoiaba da Serra,Sorocaba,RRT Inicial,Meio Ambiente,2025,1
2643,Boituva,Sorocaba,RRT Inicial,Instalações e Equipamentos Referentes ao Urbanismo,2025,8
2644,Boituva,Sorocaba,RRT Inicial,Conforto Ambiental,2025,2
2645,Boituva,Sorocaba,RRT Inicial,Meio Ambiente,2025,3
2646,Boituva,Sorocaba,RRT Inicial,"Patrimônio Arquitetônico, Urbanístico e Paisagístico",2025,0
2647,Boituva,Sorocaba,RRT Inicial,Urbanismo e Desenho Urbano,2025,36
2648,Boituva,Sorocaba,RRT Inicial,Arquitetura das Edificações,2025,779
2649,Capela do Alto,Sorocaba,RRT Inicial,Urbanismo e Desenho Urbano,2025,1
2650,Capela do Alto,Sorocaba,RRT Inicial,Arquitetura das Edificações,2025,51
2651,Capela do Alto,Sorocaba,RRT Inicial,Planejamento Urbano e Regional,2025,0
2652,Capela do Alto,Sorocaba,RRT Inicial,Instalações e Equipamentos Referentes ao Urbanismo,2025,0
2653,Capela do Alto,Sorocaba,RRT Inicial,"Patrimônio Arquitetônico, Urbanístico e Paisagístico",2025,0
2654,Cerquilho,Sorocaba,RRT Inicial,"Patrimônio Arquitetônico, Urbanístico e Paisagístico",2025,0
2655,Cerquilho,Sorocaba,RRT Inicial,Planejamento Urbano e Regional,2025,0
2656,Cerquilho,Sorocaba,RRT Inicial,Urbanismo e Desenho Urbano,2025,14
2657,Cerquilho,Sorocaba,RRT Inicial,Arquitetura das Edificações,2025,217
2658,Cerquilho,Sorocaba,RRT Inicial,Conforto Ambiental,2025,0
2659,Cerquilho,Sorocaba,RRT Inicial,Instalações e Equipamentos Referentes ao Urbanismo,2025,4
2660,Cerquilho,Sorocaba,RRT Inicial,Meio Ambiente,2025,0
2661,Cesário Lange,Sorocaba,RRT Inicial,Urbanismo e Desenho Urbano,2025,7
2662,Cesário Lange,Sorocaba,RRT Inicial,Arquitetura das Edificações,2025,95
2663,Cesário Lange,Sorocaba,RRT Inicial,Conforto Ambiental,2025,1
2664,Cesário Lange,Sorocaba,RRT Inicial,Instalações e Equipamentos Referentes ao Urbanismo,2025,4
2665,Ibiúna,Sorocaba,RRT Inicial,"Patrimônio Arquitetônico, Urbanístico e Paisagístico",2025,1
2666,Ibiúna,Sorocaba,RRT Inicial,Conforto Ambiental,2025,4
2667,Ibiúna,Sorocaba,RRT Inicial,Urbanismo e Desenho Urbano,2025,15
2668,Ibiúna,Sorocaba,RRT Inicial,Arquitetura das Edificações,2025,170
2669,Ibiúna,Sorocaba,RRT Inicial,Instalações e Equipamentos Referentes ao Urbanismo,2025,2
2670,Iperó,Sorocaba,RRT Inicial,Conforto Ambiental,2025,0
2671,Iperó,Sorocaba,RRT Inicial,Urbanismo e Desenho Urbano,2025,24
2672,Iperó,Sorocaba,RRT Inicial,Arquitetura das Edificações,2025,80
2673,Iperó,Sorocaba,RRT Inicial,Instalações e Equipamentos Referentes ao Urbanismo,2025,0
2674,Iperó,Sorocaba,RRT Inicial,"Patrimônio Arquitetônico, Urbanístico e Paisagístico",2025,0
2675,Iperó,Sorocaba,RRT Inicial,Planejamento Urbano e Regional,2025,0
2676,Itapetininga,Sorocaba,RRT Inicial,Instalações e Equipamentos Referentes ao Urbanismo,2025,5
2677,Itapetininga,Sorocaba,RRT Inicial,"Patrimônio Arquitetônico, Urbanístico e Paisagístico",2025,1
2678,Itapetininga,Sorocaba,RRT Inicial,Meio Ambiente,2025,1
2679,Itapetininga,Sorocaba,RRT Inicial,Conforto Ambiental,2025,7
2680,Itapetininga,Sorocaba,RRT Inicial,Urbanismo e Desenho Urbano,2025,31
2681,Itapetininga,Sorocaba,RRT Inicial,Arquitetura das Edificações,2025,480
2682,Itu,Sorocaba,RRT Inicial,"Patrimônio Arquitetônico, Urbanístico e Paisagístico",2025,8
2683,Itu,Sorocaba,RRT Inicial,Instalações e Equipamentos Referentes ao Urbanismo,2025,13
2684,Itu,Sorocaba,RRT Inicial,Meio Ambiente,2025,4
2685,Itu,Sorocaba,RRT Inicial,Urbanismo e Desenho Urbano,2025,54
2686,Itu,Sorocaba,RRT Inicial,Arquitetura das Edificações,2025,1344
2687,Itu,Sorocaba,RRT Inicial,Planejamento Urbano e Regional,2025,2
2688,Itu,Sorocaba,RRT Inicial,Conforto Ambiental,2025,28
2689,Jumirim,Sorocaba,RRT Inicial,Instalações e Equipamentos Referentes ao Urbanismo,2025,0
2690,Jumirim,Sorocaba,RRT Inicial,Conforto Ambiental,2025,0
2691,Jumirim,Sorocaba,RRT Inicial,Urbanismo e Desenho Urbano,2025,0
2692,Jumirim,Sorocaba,RRT Inicial,Arquitetura das Edificações,2025,19
2693,Jumirim,Sorocaba,RRT Inicial,"Patrimônio Arquitetônico, Urbanístico e Paisagístico",2025,0
2694,Mairinque,Sorocaba,RRT Inicial,"Patrimônio Arquitetônico, Urbanístico e Paisagístico",2025,0
2695,Mairinque,Sorocaba,RRT Inicial,Instalações e Equipamentos Referentes ao Urbanismo,2025,5
2696,Mairinque,Sorocaba,RRT Inicial,Meio Ambiente,2025,0
2697,Mairinque,Sorocaba,RRT Inicial,Urbanismo e Desenho Urbano,2025,29
2698,Mairinque,Sorocaba,RRT Inicial,Arquitetura das Edificações,2025,166
2699,Mairinque,Sorocaba,RRT Inicial,Planejamento Urbano e Regional,2025,1
2700,Mairinque,Sorocaba,RRT Inicial,Conforto Ambiental,2025,1
2701,Piedade,Sorocaba,RRT Inicial,Urbanismo e Desenho Urbano,2025,14
2702,Piedade,Sorocaba,RRT Inicial,Arquitetura das Edificações,2025,115
2703,Piedade,Sorocaba,RRT Inicial,Meio Ambiente,2025,0
2704,Piedade,Sorocaba,RRT Inicial,Conforto Ambiental,2025,3
2705,Piedade,Sorocaba,RRT Inicial,"Patrimônio Arquitetônico, Urbanístico e Paisagístico",2025,0
2706,Piedade,Sorocaba,RRT Inicial,Instalações e Equipamentos Referentes ao Urbanismo,2025,3
2707,Pilar do Sul,Sorocaba,RRT Inicial,"Patrimônio Arquitetônico, Urbanístico e Paisagístico",2025,1
2708,Pilar do Sul,Sorocaba,RRT Inicial,Meio Ambiente,2025,0
2709,Pilar do Sul,Sorocaba,RRT Inicial,Planejamento Urbano e Regional,2025,0
2710,Pilar do Sul,Sorocaba,RRT Inicial,Instalações e Equipamentos Referentes ao Urbanismo,2025,0
2711,Pilar do Sul,Sorocaba,RRT Inicial,Conforto Ambiental,2025,1
2712,Pilar do Sul,Sorocaba,RRT Inicial,Urbanismo e Desenho Urbano,2025,2
2713,Pilar do Sul,Sorocaba,RRT Inicial,Arquitetura das Edificações,2025,73
2714,Porto Feliz,Sorocaba,RRT Inicial,Urbanismo e Desenho Urbano,2025,38
2715,Porto Feliz,Sorocaba,RRT Inicial,Arquitetura das Edificações,2025,604
2716,Porto Feliz,Sorocaba,RRT Inicial,Meio Ambiente,2025,0
2717,Porto Feliz,Sorocaba,RRT Inicial,Conforto Ambiental,2025,24
2718,Porto Feliz,Sorocaba,RRT Inicial,"Patrimônio Arquitetônico, Urbanístico e Paisagístico",2025,0
2719,Porto Feliz,Sorocaba,RRT Inicial,Instalações e Equipamentos Referentes ao Urbanismo,2025,1
2720,Porto Feliz,Sorocaba,RRT Inicial,Planejamento Urbano e Regional,2025,0
2721,Salto,Sorocaba,RRT Inicial,Urbanismo e Desenho Urbano,2025,54
2722,Salto,Sorocaba,RRT Inicial,Arquitetura das Edificações,2025,1278
2723,Salto,Sorocaba,RRT Inicial,Conforto Ambiental,2025,9
2724,Salto,Sorocaba,RRT Inicial,Meio Ambiente,2025,1
2725,Salto,Sorocaba,RRT Inicial,"Patrimônio Arquitetônico, Urbanístico e Paisagístico",2025,1
2726,Salto,Sorocaba,RRT Inicial,Instalações e Equipamentos Referentes ao Urbanismo,2025,1
2727,Salto de Pirapora,Sorocaba,RRT Inicial,"Patrimônio Arquitetônico, Urbanístico e Paisagístico",2025,4
2728,Salto de Pirapora,Sorocaba,RRT Inicial,Instalações e Equipamentos Referentes ao Urbanismo,2025,2
2729,Salto de Pirapora,Sorocaba,RRT Inicial,Urbanismo e Desenho Urbano,2025,14
2730,Salto de Pirapora,Sorocaba,RRT Inicial,Arquitetura das Edificações,2025,238
2731,Salto de Pirapora,Sorocaba,RRT Inicial,Conforto Ambiental,2025,1
2732,São Miguel Arcanjo,Sorocaba,RRT Inicial,Conforto Ambiental,2025,0
2733,São Miguel Arcanjo,Sorocaba,RRT Inicial,Meio Ambiente,2025,0
2734,São Miguel Arcanjo,Sorocaba,RRT Inicial,Urbanismo e Desenho Urbano,2025,1
2735,São Miguel Arcanjo,Sorocaba,RRT Inicial,Arquitetura das Edificações,2025,88
2736,São Miguel Arcanjo,Sorocaba,RRT Inicial,Instalações e Equipamentos Referentes ao Urbanismo,2025,0
2737,São Roque,Sorocaba,RRT Inicial,Instalações e Equipamentos Referentes ao Urbanismo,2025,18
2738,São Roque,Sorocaba,RRT Inicial,Planejamento Urbano e Regional,2025,3
2739,São Roque,Sorocaba,RRT Inicial,Conforto Ambiental,2025,14
2740,São Roque,Sorocaba,RRT Inicial,Meio Ambiente,2025,6
2741,São Roque,Sorocaba,RRT Inicial,Urbanismo e Desenho Urbano,2025,24
2742,São Roque,Sorocaba,RRT Inicial,Arquitetura das Edificações,2025,507
2743,São Roque,Sorocaba,RRT Inicial,"Patrimônio Arquitetônico, Urbanístico e Paisagístico",2025,1
2744,Sarapuí,Sorocaba,RRT Inicial,Planejamento Urbano e Regional,2025,0
2745,Sarapuí,Sorocaba,RRT Inicial,Urbanismo e Desenho Urbano,2025,59
2746,Sarapuí,Sorocaba,RRT Inicial,Arquitetura das Edificações,2025,49
2747,Sarapuí,Sorocaba,RRT Inicial,Instalações e Equipamentos Referentes ao Urbanismo,2025,1
2748,Sorocaba,Sorocaba,RRT Inicial,Conforto Ambiental,2025,106
2749,Sorocaba,Sorocaba,RRT Inicial,Meio Ambiente,2025,11
2750,Sorocaba,Sorocaba,RRT Inicial,Urbanismo e Desenho Urbano,2025,67
2751,Sorocaba,Sorocaba,RRT Inicial,Arquitetura das Edificações,2025,3350
2752,Sorocaba,Sorocaba,RRT Inicial,Instalações e Equipamentos Referentes ao Urbanismo,2025,22
2753,Sorocaba,Sorocaba,RRT Inicial,"Patrimônio Arquitetônico, Urbanístico e Paisagístico",2025,3
2754,Sorocaba,Sorocaba,RRT Inicial,Planejamento Urbano e Regional,2025,1
2755,Tapiraí,Sorocaba,RRT Inicial,Urbanismo e Desenho Urbano,2025,0
2756,Tapiraí,Sorocaba,RRT Inicial,Arquitetura das Edificações,2025,0
2757,Tapiraí,Sorocaba,RRT Inicial,Instalações e Equipamentos Referentes ao Urbanismo,2025,0
2758,Tatuí,Sorocaba,RRT Inicial,Meio Ambiente,2025,5
2759,Tatuí,Sorocaba,RRT Inicial,Conforto Ambiental,2025,1
2760,Tatuí,Sorocaba,RRT Inicial,Urbanismo e Desenho Urbano,2025,15
2761,Tatuí,Sorocaba,RRT Inicial,Arquitetura das Edificações,2025,430
2762,Tatuí,Sorocaba,RRT Inicial,Planejamento Urbano e Regional,2025,1
2763,Tatuí,Sorocaba,RRT Inicial,Instalações e Equipamentos Referentes ao Urbanismo,2025,3
2764,Tatuí,Sorocaba,RRT Inicial,"Patrimônio Arquitetônico, Urbanístico e Paisagístico",2025,1
2765,Tietê,Sorocaba,RRT Inicial,Urbanismo e Desenho Urbano,2025,7
2766,Tietê,Sorocaba,RRT Inicial,Arquitetura das Edificações,2025,199
2767,Tietê,Sorocaba,RRT Inicial,Meio Ambiente,2025,0
2768,Tietê,Sorocaba,RRT Inicial,Conforto Ambiental,2025,1
2769,Tietê,Sorocaba,RRT Inicial,"Patrimônio Arquitetônico, Urbanístico e Paisagístico",2025,0
2770,Tietê,Sorocaba,RRT Inicial,Instalações e Equipamentos Referentes ao Urbanismo,2025,1
2771,Tietê,Sorocaba,RRT Inicial,Planejamento Urbano e Regional,2025,0
2772,Votorantim,Sorocaba,RRT Inicial,Conforto Ambiental,2025,21
2773,Votorantim,Sorocaba,RRT Inicial,Meio Ambiente,2025,2
2774,Votorantim,Sorocaba,RRT Inicial,Urbanismo e Desenho Urbano,2025,35
2775,Votorantim,Sorocaba,RRT Inicial,Arquitetura das Edificações,2025,747
2776,Votorantim,Sorocaba,RRT Inicial,Instalações e Equipamentos Referentes ao Urbanismo,2025,1
2777,Votorantim,Sorocaba,RRT Inicial,Planejamento Urbano e Regional,2025,0
2778,Diadema,ABC,RRT Social,,2025,0
2779,Diadema,ABC,Empresa,,2025,25
2780,Diadema,ABC,Profissional,,2025,248
2781,Mauá,ABC,RRT Social,,2025,0
2782,Mauá,ABC,Empresa,,2025,38
2783,Mauá,ABC,Profissional,,2025,276
2784,Ribeirão Pires,ABC,RRT Social,,2025,0
2785,Ribeirão Pires,ABC,Empresa,,2025,20
2786,Ribeirão Pires,ABC,Profissional,,2025,158
2787,Rio Grande da Serra,ABC,RRT Social,,2025,0
2788,Rio Grande da Serra,ABC,Empresa,,2025,2
2789,Rio Grande da Serra,ABC,Profissional,,2025,20
2790,Santo André,ABC,RRT Social,,2025,6
2791,Santo André,ABC,Empresa,,2025,218
2792,Santo André,ABC,Profissional,,2025,1447
2793,São Bernardo do Campo,ABC,RRT Social,,2025,3
2794,São Bernardo do Campo,ABC,Empresa,,2025,143
2795,São Bernardo do Campo,ABC,Profissional,,2025,1283
2796,São Caetano do Sul,ABC,RRT Social,,2025,2
2797,São Caetano do Sul,ABC,Empresa,,2025,138
2798,São Caetano do Sul,ABC,Profissional,,2025,607
2799,Americana,Campinas,RRT Social,,2025,0
2800,Americana,Campinas,Empresa,,2025,61
2801,Americana,Campinas,Profissional,,2025,413
2802,Artur Nogueira,Campinas,RRT Social,,2025,1
2803,Artur Nogueira,Campinas,Empresa,,2025,12
2804,Artur Nogueira,Campinas,Profissional,,2025,77
2805,Campinas,Campinas,RRT Social,,2025,11
2806,Campinas,Campinas,Empresa,,2025,446
2807,Campinas,Campinas,Profissional,,2025,2262
2808,Cosmópolis,Campinas,RRT Social,,2025,0
2809,Cosmópolis,Campinas,Empresa,,2025,1
2810,Cosmópolis,Campinas,Profissional,,2025,28
2811,Engenheiro Coelho,Campinas,RRT Social,,2025,0
2812,Engenheiro Coelho,Campinas,Empresa,,2025,1
2813,Engenheiro Coelho,Campinas,Profissional,,2025,36
2814,Holambra,Campinas,RRT Social,,2025,5
2815,Holambra,Campinas,Empresa,,2025,7
2816,Holambra,Campinas,Profissional,,2025,33
2817,Hortolândia,Campinas,RRT Social,,2025,9
2818,Hortolândia,Campinas,Empresa,,2025,13
2819,Hortolândia,Campinas,Profissional,,2025,129
2820,Indaiatuba,Campinas,RRT Social,,2025,4
2821,Indaiatuba,Campinas,Empresa,,2025,69
2822,Indaiatuba,Campinas,Profissional,,2025,593
2823,Itatiba,Campinas,RRT Social,,2025,0
2824,Itatiba,Campinas,Empresa,,2025,35
2825,Itatiba,Campinas,Profissional,,2025,247
2826,Jaguariúna,Campinas,RRT Social,,2025,14
2827,Jaguariúna,Campinas,Empresa,,2025,5
2828,Jaguariúna,Campinas,Profissional,,2025,73
2829,Monte Mor,Campinas,RRT Social,,2025,2
2830,Monte Mor,Campinas,Empresa,,2025,6
2831,Monte Mor,Campinas,Profissional,,2025,35
2832,Morungaba,Campinas,RRT Social,,2025,0
2833,Morungaba,Campinas,Empresa,,2025,2
2834,Morungaba,Campinas,Profissional,,2025,8
2835,Nova Odessa,Campinas,RRT Social,,2025,0
2836,Nova Odessa,Campinas,Empresa,,2025,6
2837,Nova Odessa,Campinas,Profissional,,2025,50
2838,Paulínia,Campinas,RRT Social,,2025,1
2839,Paulínia,Campinas,Empresa,,2025,21
2840,Paulínia,Campinas,Profissional,,2025,169
2841,Pedreira,Campinas,RRT Social,,2025,0
2842,Pedreira,Campinas,Empresa,,2025,2
2843,Pedreira,Campinas,Profissional,,2025,39
2844,Santa Bárbara d'Oeste,Campinas,RRT Social,,2025,0
2845,Santa Bárbara d'Oeste,Campinas,Empresa,,2025,14
2846,Santa Bárbara d'Oeste,Campinas,Profissional,,2025,175
2847,Santo Antônio de Posse,Campinas,RRT Social,,2025,0
2848,Santo Antônio de Posse,Campinas,Empresa,,2025,3
2849,Santo Antônio de Posse,Campinas,Profissional,,2025,16
2850,Sumaré,Campinas,RRT Social,,2025,0
2851,Sumaré,Campinas,Empresa,,2025,16
2852,Sumaré,Campinas,Profissional,,2025,118
2853,Valinhos,Campinas,RRT Social,,2025,1
2854,Valinhos,Campinas,Empresa,,2025,39
2855,Valinhos,Campinas,Profissional,,2025,260
2856,Vinhedo,Campinas,RRT Social,,2025,0
2857,Vinhedo,Campinas,Empresa,,2025,23
2858,Vinhedo,Campinas,Profissional,,2025,234
2859,Alambari,Sorocaba,RRT Social,,2025,0
2860,Alambari,Sorocaba,Empresa,,2025,1
2861,Alambari,Sorocaba,Profissional,,2025,1
2862,Alumínio,Sorocaba,RRT Social,,2025,0
2863,Alumínio,Sorocaba,Empresa,,2025,1
2864,Alumínio,Sorocaba,Profissional,,2025,7
2865,Araçariguama,Sorocaba,RRT Social,,2025,0
2866,Araçariguama,Sorocaba,Empresa,,2025,9
2867,Araçariguama,Sorocaba,Profissional,,2025,16
2868,Araçoiaba da Serra,Sorocaba,RRT Social,,2025,0
2869,Araçoiaba da Serra,Sorocaba,Empresa,,2025,2
2870,Araçoiaba da Serra,Sorocaba,Profissional,,2025,42
2871,Boituva,Sorocaba,RRT Social,,2025,1
2872,Boituva,Sorocaba,Empresa,,2025,15
2873,Boituva,Sorocaba,Profissional,,2025,100
2874,Capela do Alto,Sorocaba,RRT Social,,2025,0
2875,Capela do Alto,Sorocaba,Empresa,,2025,2
2876,Capela do Alto,Sorocaba,Profissional,,2025,12
2877,Cerquilho,Sorocaba,RRT Social,,2025,4
2878,Cerquilho,Sorocaba,Empresa,,2025,8
2879,Cerquilho,Sorocaba,Profissional,,2025,59
2880,Cesário Lange,Sorocaba,RRT Social,,2025,0
2881,Cesário Lange,Sorocaba,Empresa,,2025,0
2882,Cesário Lange,Sorocaba,Profissional,,2025,7
2883,Ibiúna,Sorocaba,RRT Social,,2025,0
2884,Ibiúna,Sorocaba,Empresa,,2025,6
2885,Ibiúna,Sorocaba,Profissional,,2025,41
2886,Iperó,Sorocaba,RRT Social,,2025,0
2887,Iperó,Sorocaba,Empresa,,2025,3
2888,Iperó,Sorocaba,Profissional,,2025,15
2889,Itapetininga,Sorocaba,RRT Social,,2025,0
2890,Itapetininga,Sorocaba,Empresa,,2025,20
2891,Itapetininga,Sorocaba,Profissional,,2025,126
2892,Itu,Sorocaba,RRT Social,,2025,0
2893,Itu,Sorocaba,Empresa,,2025,56
2894,Itu,Sorocaba,Profissional,,2025,330
2895,Jumirim,Sorocaba,RRT Social,,2025,1
2896,Jumirim,Sorocaba,Empresa,,2025,2
2897,Jumirim,Sorocaba,Profissional,,2025,3
2898,Mairinque,Sorocaba,RRT Social,,2025,0
2899,Mairinque,Sorocaba,Empresa,,2025,2
2900,Mairinque,Sorocaba,Profissional,,2025,27
2901,Piedade,Sorocaba,RRT Social,,2025,0
2902,Piedade,Sorocaba,Empresa,,2025,3
2903,Piedade,Sorocaba,Profissional,,2025,28
2904,Pilar do Sul,Sorocaba,RRT Social,,2025,0
2905,Pilar do Sul,Sorocaba,Empresa,,2025,3
2906,Pilar do Sul,Sorocaba,Profissional,,2025,19
2907,Porto Feliz,Sorocaba,RRT Social,,2025,17
2908,Porto Feliz,Sorocaba,Empresa,,2025,14
2909,Porto Feliz,Sorocaba,Profissional,,2025,74
2910,Salto,Sorocaba,RRT Social,,2025,1
2911,Salto,Sorocaba,Empresa,,2025,26
2912,Salto,Sorocaba,Profissional,,2025,213
2913,Salto de Pirapora,Sorocaba,RRT Social,,2025,0
2914,Salto de Pirapora,Sorocaba,Empresa,,2025,6
2915,Salto de Pirapora,Sorocaba,Profissional,,2025,32
2916,São Miguel Arcanjo,Sorocaba,RRT Social,,2025,0
2917,São Miguel Arcanjo,Sorocaba,Empresa,,2025,2
2918,São Miguel Arcanjo,Sorocaba,Profissional,,2025,16
2919,São Roque,Sorocaba,RRT Social,,2025,1
2920,São Roque,Sorocaba,Empresa,,2025,25
2921,São Roque,Sorocaba,Profissional,,2025,113
2922,Sarapuí,Sorocaba,RRT Social,,2025,0
2923,Sarapuí,Sorocaba,Empresa,,2025,0
2924,Sarapuí,Sorocaba,Profissional,,2025,9
2925,Sorocaba,Sorocaba,RRT Social,,2025,7
2926,Sorocaba,Sorocaba,Empresa,,2025,200
2927,Sorocaba,Sorocaba,Profissional,,2025,1260
2928,Tapiraí,Sorocaba,RRT Social,,2025,0
2929,Tapiraí,Sorocaba,Empresa,,2025,0
2930,Tapiraí,Sorocaba,Profissional,,2025,4
2931,Tatuí,Sorocaba,RRT Social,,2025,0
2932,Tatuí,Sorocaba,Empresa,,2025,14
2933,Tatuí,Sorocaba,Profissional,,2025,92
2934,Tietê,Sorocaba,RRT Social,,2025,0
2935,Tietê,Sorocaba,Empresa,,2025,4
2936,Tietê,Sorocaba,Profissional,,2025,54
2937,Votorantim,Sorocaba,RRT Social,,2025,4
2938,Votorantim,Sorocaba,Empresa,,2025,13
2939,Votorantim,Sorocaba,Profissional,,2025,139
